TIMESTAMPS,TIMES,FILES
1749023434,2025-06-04 09:50:34,FB3streak_4_6_001.dac
1749023583,2025-06-04 09:53:03,FB3streak_4_6_002.dac
1749037136,2025-06-04 13:38:56,FB3streak_4_6_003.dac
1749037562,2025-06-04 13:46:02,FB3streak_4_6_004.dac
1749038033,2025-06-04 13:53:53,FB3streak_4_6_005.dac
1749038457,2025-06-04 14:00:57,FB3streak_4_6_006.dac
1749038605,2025-06-04 14:03:25,FB3streak_4_6_007.dac
1749038749,2025-06-04 14:05:49,FB3streak_4_6_008.dac
1749038909,2025-06-04 14:08:29,FB3streak_4_6_009.dac
1749039033,2025-06-04 14:10:33,FB3streak_4_6_010.dac
1749039366,2025-06-04 14:16:06,FB3streak_4_6_011.dac
1749039509,2025-06-04 14:18:29,FB3streak_4_6_012.dac
1749039605,2025-06-04 14:20:05,FB3streak_4_6_013.dac
1749039747,2025-06-04 14:22:27,FB3streak_4_6_014.dac
1749039847,2025-06-04 14:24:07,FB3streak_4_6_015.dac
1749039987,2025-06-04 14:26:27,FB3streak_4_6_016.dac
1749040060,2025-06-04 14:27:40,FB3streak_4_6_017.dac
1749040136,2025-06-04 14:28:56,FB3streak_4_6_018.dac
1749040205,2025-06-04 14:30:05,FB3streak_4_6_019.dac
1749040280,2025-06-04 14:31:20,FB3streak_4_6_020.dac
1749040493,2025-06-04 14:34:53,FB3streak_4_6_021.dac
1749040593,2025-06-04 14:36:33,FB3streak_4_6_022.dac
1749040857,2025-06-04 14:40:57,FB3streak_4_6_023.dac
1749040976,2025-06-04 14:42:56,FB3streak_4_6_024.dac
1749041069,2025-06-04 14:44:29,FB3streak_4_6_025.dac
1749041163,2025-06-04 14:46:03,FB3streak_4_6_026.dac
1749041221,2025-06-04 14:47:01,FB3streak_4_6_027.dac
1749041411,2025-06-04 14:50:11,FB3streak_4_6_028.dac
1749041521,2025-06-04 14:52:01,FB3streak_4_6_029.dac
1749042463,2025-06-04 15:07:43,FB3streak_4_6_030.dac
1749042576,2025-06-04 15:09:36,FB3streak_4_6_031.dac
1749042727,2025-06-04 15:12:07,FB3streak_4_6_032.dac
1749042865,2025-06-04 15:14:25,FB3streak_4_6_033.dac
1749044572,2025-06-04 15:42:52,FB3streak_4_6_034.dac
1749044704,2025-06-04 15:45:04,FB3streak_4_6_035.dac
1749044818,2025-06-04 15:46:58,FB3streak_4_6_036.dac
1749045050,2025-06-04 15:50:50,FB3streak_4_6_037.dac
1749045219,2025-06-04 15:53:39,FB3streak_4_6_038.dac
1749045506,2025-06-04 15:58:26,FB3streak_4_6_039.dac
1749045809,2025-06-04 16:03:29,FB3streak_4_6_040.dac
1749046551,2025-06-04 16:15:51,FB3streak_4_6_041.dac
1749046883,2025-06-04 16:21:23,FB3streak_4_6_042.dac
1749047007,2025-06-04 16:23:27,FB3streak_4_6_043.dac
1749047123,2025-06-04 16:25:23,FB3streak_4_6_044.dac
1749047245,2025-06-04 16:27:25,FB3streak_4_6_045.dac
1749047532,2025-06-04 16:32:12,FB3streak_4_6_046.dac
1749047654,2025-06-04 16:34:14,FB3streak_4_6_047.dac
1749047941,2025-06-04 16:39:01,FB3streak_4_6_048.dac
1749048038,2025-06-04 16:40:38,FB3streak_4_6_049.dac
1749048129,2025-06-04 16:42:09,FB3streak_4_6_050.dac
1749059777,2025-06-04 19:56:17,FB3streak_4_6_052.dac
1749108395,2025-06-05 09:26:35,background_5-6_9am_v1.dac
1749108463,2025-06-05 09:27:43,background_5-6_9am_v2.dac
1749108523,2025-06-05 09:28:43,background_5-6_9am_v3.dac
1749108592,2025-06-05 09:29:52,background_5-6_9am_v4.dac
1749108647,2025-06-05 09:30:47,background_5-6_9am_v5.dac
1749109790,2025-06-05 09:49:50,FB3streak_4_6_054.dac
1749110133,2025-06-05 09:55:33,FB3streak_4_6_055.dac
1749111277,2025-06-05 10:14:37,FB3streak_4_6_056.dac
1749111466,2025-06-05 10:17:46,FB3streak_4_6_057.dac
1749111561,2025-06-05 10:19:21,FB3streak_4_6_058.dac
1749111749,2025-06-05 10:22:29,FB3streak_4_6_059.dac
1749111890,2025-06-05 10:24:50,FB3streak_4_6_060.dac
1749111979,2025-06-05 10:26:19,FB3streak_4_6_061.dac
1749112077,2025-06-05 10:27:57,FB3streak_4_6_062.dac
1749112146,2025-06-05 10:29:06,FB3streak_4_6_063.dac
1749112253,2025-06-05 10:30:53,FB3streak_4_6_064.dac
1749112349,2025-06-05 10:32:29,FB3streak_4_6_065.dac
1749112422,2025-06-05 10:33:42,FB3streak_4_6_066.dac
1749112777,2025-06-05 10:39:37,FB3streak_4_6_067.dac
1749112858,2025-06-05 10:40:58,FB3streak_4_6_068.dac
1749112920,2025-06-05 10:42:00,FB3streak_4_6_069.dac
1749113041,2025-06-05 10:44:01,FB3streak_4_6_070.dac
1749113136,2025-06-05 10:45:36,FB3streak_4_6_071.dac
1749113377,2025-06-05 10:49:37,FB3streak_4_6_072.dac
1749113472,2025-06-05 10:51:12,FB3streak_4_6_073.dac
1749113570,2025-06-05 10:52:50,FB3streak_4_6_074.dac
1749113761,2025-06-05 10:56:01,FB3streak_4_6_075.dac
1749114526,2025-06-05 11:08:46,background_5-6_11am_v1.dac
1749114581,2025-06-05 11:09:41,background_5-6_11am_v2.dac
1749114635,2025-06-05 11:10:35,background_5-6_11am_v3.dac
1749114687,2025-06-05 11:11:27,background_5-6_11am_v4.dac
1749114743,2025-06-05 11:12:23,background_5-6_11am_v5.dac
1749117100,2025-06-05 11:51:40,FB3streak_4_6_076.dac
1749117193,2025-06-05 11:53:13,FB3streak_4_6_077.dac
1749117289,2025-06-05 11:54:49,FB3streak_4_6_078.dac
1749117387,2025-06-05 11:56:27,FB3streak_4_6_079.dac
1749117482,2025-06-05 11:58:02,FB3streak_4_6_080.dac
1749117578,2025-06-05 11:59:38,FB3streak_4_6_081.dac
1749117653,2025-06-05 12:00:53,FB3streak_4_6_082.dac
1749117730,2025-06-05 12:02:10,FB3streak_4_6_083.dac
1749117798,2025-06-05 12:03:18,FB3streak_4_6_084.dac
1749117864,2025-06-05 12:04:24,FB3streak_4_6_085.dac
1749118037,2025-06-05 12:07:17,FB3streak_4_6_086.dac
1749118132,2025-06-05 12:08:52,FB3streak_4_6_087.dac
1749118224,2025-06-05 12:10:24,FB3streak_4_6_088.dac
1749118375,2025-06-05 12:12:55,FB3streak_4_6_089.dac
1749118472,2025-06-05 12:14:32,FB3streak_4_6_090.dac
1749118573,2025-06-05 12:16:13,FB3streak_4_6_091.dac
1749118680,2025-06-05 12:18:00,FB3streak_4_6_092.dac
1749118757,2025-06-05 12:19:17,FB3streak_4_6_093.dac
1749118826,2025-06-05 12:20:26,FB3streak_4_6_094.dac
1749119044,2025-06-05 12:24:04,FB3streak_4_6_095.dac
1749119114,2025-06-05 12:25:14,FB3streak_4_6_096.dac
1749119182,2025-06-05 12:26:22,FB3streak_4_6_097.dac
1749119254,2025-06-05 12:27:34,FB3streak_4_6_098.dac
1749119327,2025-06-05 12:28:47,FB3streak_4_6_099.dac
1749119446,2025-06-05 12:30:46,FB3streak_4_6_100.dac
1749119540,2025-06-05 12:32:20,FB3streak_4_6_101.dac
1749119613,2025-06-05 12:33:33,FB3streak_4_6_102.dac
1749119708,2025-06-05 12:35:08,FB3streak_4_6_103.dac
1749119785,2025-06-05 12:36:25,FB3streak_4_6_104.dac
1749119953,2025-06-05 12:39:13,FB3streak_4_6_105.dac
1749120052,2025-06-05 12:40:52,FB3streak_4_6_106.dac
1749120166,2025-06-05 12:42:46,FB3streak_4_6_107.dac
1749120288,2025-06-05 12:44:48,FB3streak_4_6_108.dac
1749120385,2025-06-05 12:46:25,FB3streak_4_6_109.dac
1749147788,2025-06-05 20:23:08,FB3streak_4_6_110.dac
1749147875,2025-06-05 20:24:35,FB3streak_4_6_111.dac
1749147991,2025-06-05 20:26:31,FB3streak_4_6_112.dac
1749148464,2025-06-05 20:34:24,FB3streak_4_6_113.dac
1749148782,2025-06-05 20:39:42,FB3streak_4_6_114.dac
1749148954,2025-06-05 20:42:34,FB3streak_4_6_115.dac
1749149126,2025-06-05 20:45:26,FB3streak_4_6_116.dac
1749149195,2025-06-05 20:46:35,FB3streak_4_6_117.dac
1749149268,2025-06-05 20:47:48,FB3streak_4_6_118.dac
1749149333,2025-06-05 20:48:53,FB3streak_4_6_119.dac
1749149410,2025-06-05 20:50:10,FB3streak_4_6_120.dac
1749149746,2025-06-05 20:55:46,FB3streak_4_6_121.dac
1749149818,2025-06-05 20:56:58,FB3streak_4_6_122.dac
1749149917,2025-06-05 20:58:37,FB3streak_4_6_123.dac
1749150014,2025-06-05 21:00:14,FB3streak_4_6_124.dac
1749150104,2025-06-05 21:01:44,FB3streak_4_6_125.dac
1749152431,2025-06-05 21:40:31,FB3streak_4_6_126.dac
1749152529,2025-06-05 21:42:09,FB3streak_4_6_127.dac
1749152595,2025-06-05 21:43:15,FB3streak_4_6_128.dac
1749152690,2025-06-05 21:44:50,FB3streak_4_6_129.dac
1749152773,2025-06-05 21:46:13,FB3streak_4_6_130.dac
1749153134,2025-06-05 21:52:14,FB3streak_4_6_131.dac
1749153199,2025-06-05 21:53:19,FB3streak_4_6_132.dac
1749153267,2025-06-05 21:54:27,FB3streak_4_6_133.dac
1749153340,2025-06-05 21:55:40,FB3streak_4_6_134.dac
1749153411,2025-06-05 21:56:51,FB3streak_4_6_135.dac
