,DOWNSTREAM
0,0.0396875
1,0.0403125
2,0.0396875
3,0.0403125
4,0.0396875
5,0.0403125
6,0.0396875
7,0.0403125
8,0.0396875
9,0.0403125
10,0.0396875
11,0.0403125
12,0.0396875
13,0.0403125
14,0.0396875
15,0.0403125
16,0.0396875
17,0.0403125
18,0.0396875
19,0.04
20,0.0396875
21,0.0403125
22,0.0396875
23,0.0403125
24,0.04
25,0.04
26,0.04
27,0.04
28,0.04
29,0.04
30,0.04
31,0.04
32,0.04
33,0.04
34,0.04
35,0.04
36,0.04
37,0.04
38,0.04
39,0.04
40,0.04
41,0.04
42,0.04
43,0.04
44,0.04
45,0.04
46,0.04
47,0.04
48,0.04
49,0.04
50,0.04
51,0.04
52,0.04
53,0.04
54,0.04
55,0.04
56,0.04
57,0.04
58,0.04
59,0.04
60,0.04
61,0.04
62,0.04
63,0.04
64,0.04
65,0.04
66,0.04
67,0.04
68,0.04
69,0.04
70,0.04
71,0.04
72,0.04
73,0.04
74,0.04
75,0.04
76,0.04
77,0.04
78,0.04
79,0.04
80,0.04
81,0.04
82,0.04
83,0.04
84,0.04
85,0.04
86,0.04
87,0.04
88,0.04
89,0.04
90,0.04
91,0.04
92,0.04
93,0.04
94,0.04
95,0.04
96,0.04
97,0.04
98,0.04
99,0.04
100,0.04
101,0.04
102,0.04
103,0.04
104,0.04
105,0.04
106,0.04
107,0.04
108,0.04
109,0.04
110,0.04
111,0.0396875
112,0.0403125
113,0.0396875
114,0.0403125
115,0.0396875
116,0.0403125
117,0.0396875
118,0.0403125
119,0.0396875
120,0.0403125
121,0.0396875
122,0.0403125
123,0.0396875
124,0.0403125
125,0.0396875
126,0.040625
127,0.039375
128,0.040625
129,0.039375
130,0.0409375
131,0.0390625
132,0.04125
133,0.0384375
134,0.041875
135,0.0378125
136,0.043125
137,0.035
138,0.049375
139,0.0071875
140,-0.0521875
141,-0.0328125
142,-0.0453125
143,-0.0353125
144,-0.0440625
145,-0.0359375
146,-0.0440625
147,-0.035625
148,-0.0453125
149,-0.033125
150,-0.05125
151,-0.0053125
152,0.0503125
153,0.0346875
154,0.0434375
155,0.0375
156,0.041875
157,0.0384375
158,0.04125
159,0.0390625
160,0.0409375
161,0.0390625
162,0.040625
163,0.039375
164,0.040625
165,0.039375
166,0.040625
167,0.0396875
168,0.0403125
169,0.0396875
170,0.0403125
171,0.0396875
172,0.0403125
173,0.0396875
174,0.0403125
175,0.0396875
176,0.0403125
177,0.0396875
178,0.0403125
179,0.0396875
180,0.0403125
181,0.0396875
182,0.0403125
183,0.0396875
184,0.0403125
185,0.0396875
186,0.0403125
187,0.0396875
188,0.0403125
189,0.0396875
190,0.0403125
191,0.0396875
192,0.0403125
193,0.0396875
194,0.0403125
195,0.0396875
196,0.0403125
197,0.0396875
198,0.0403125
199,0.0396875
200,0.0403125
201,0.0396875
202,0.0403125
203,0.0396875
204,0.0403125
205,0.0396875
206,0.0403125
207,0.0396875
208,0.0403125
209,0.0396875
210,0.0403125
211,0.0396875
212,0.0403125
213,0.0396875
214,0.0403125
215,0.0396875
216,0.0403125
217,0.0396875
218,0.0403125
219,0.0396875
220,0.0403125
221,0.0396875
222,0.0403125
223,0.0396875
224,0.0403125
225,0.0396875
226,0.0403125
227,0.0396875
228,0.0403125
229,0.0396875
230,0.0403125
231,0.0396875
232,0.0403125
233,0.0396875
234,0.0403125
235,0.0396875
236,0.0403125
237,0.0396875
238,0.0403125
239,0.0396875
240,0.0403125
241,0.0396875
242,0.0403125
243,0.039375
244,0.040625
245,0.039375
246,0.040625
247,0.039375
248,0.040625
249,0.039375
250,0.040625
251,0.039375
252,0.040625
253,0.039375
254,0.040625
255,0.039375
256,0.040625
257,0.039375
258,0.040625
259,0.039375
260,0.040625
261,0.039375
262,0.040625
263,0.039375
264,0.0409375
265,0.0390625
266,0.0409375
267,0.0390625
268,0.0409375
269,0.0390625
270,0.0409375
271,0.0390625
272,0.04125
273,0.03875
274,0.04125
275,0.03875
276,0.04125
277,0.0384375
278,0.0415625
279,0.0384375
280,0.041875
281,0.038125
282,0.0421875
283,0.0378125
284,0.0425
285,0.0371875
286,0.043125
287,0.03625
288,0.044375
289,0.034375
290,0.0475
291,0.0278125
292,0.0759375
293,0.128125
294,0.1178125
295,0.1184375
296,0.126875
297,0.08875
298,0.0265625
299,0.0478125
300,0.034375
301,0.044375
302,0.03625
303,0.043125
304,0.0371875
305,0.0425
306,0.0378125
307,0.0421875
308,0.038125
309,0.041875
310,0.0384375
311,0.0415625
312,0.0384375
313,0.0415625
314,0.03875
315,0.04125
316,0.03875
317,0.04125
318,0.03875
319,0.0409375
320,0.0390625
321,0.0409375
322,0.0390625
323,0.0409375
324,0.0390625
325,0.0409375
326,0.0390625
327,0.0409375
328,0.0390625
329,0.0409375
330,0.0390625
331,0.040625
332,0.039375
333,0.040625
334,0.039375
335,0.040625
336,0.039375
337,0.040625
338,0.039375
339,0.040625
340,0.039375
341,0.040625
342,0.039375
343,0.040625
344,0.039375
345,0.040625
346,0.039375
347,0.040625
348,0.039375
349,0.040625
350,0.039375
351,0.040625
352,0.039375
353,0.040625
354,0.039375
355,0.040625
356,0.039375
357,0.040625
358,0.039375
359,0.040625
360,0.039375
361,0.040625
362,0.039375
363,0.040625
364,0.039375
365,0.040625
366,0.039375
367,0.040625
368,0.039375
369,0.040625
370,0.039375
371,0.040625
372,0.039375
373,0.040625
374,0.0390625
375,0.0409375
376,0.0390625
377,0.0409375
378,0.0390625
379,0.0409375
380,0.0390625
381,0.0409375
382,0.03875
383,0.04125
384,0.03875
385,0.04125
386,0.0384375
387,0.0415625
388,0.0384375
389,0.041875
390,0.038125
391,0.0421875
392,0.0375
393,0.043125
394,0.03625
395,0.0446875
396,0.0334375
397,0.0509375
398,0.005625
399,-0.0503125
400,-0.035
401,-0.0428125
402,-0.0384375
403,-0.040625
404,-0.04
405,-0.0390625
406,-0.0421875
407,-0.0359375
408,-0.04875
409,-0.0078125
410,0.0525
411,0.0325
412,0.0453125
413,0.035625
414,0.04375
415,0.036875
416,0.0428125
417,0.0375
418,0.0425
419,0.0378125
420,0.0421875
421,0.038125
422,0.041875
423,0.038125
424,0.041875
425,0.0384375
426,0.0415625
427,0.0384375
428,0.0415625
429,0.0384375
430,0.0415625
431,0.03875
432,0.04125
433,0.03875
434,0.04125
435,0.03875
436,0.04125
437,0.03875
438,0.04125
439,0.03875
440,0.04125
441,0.03875
442,0.04125
443,0.03875
444,0.04125
445,0.03875
446,0.04125
447,0.03875
448,0.04125
449,0.03875
450,0.04125
451,0.03875
452,0.04125
453,0.03875
454,0.04125
455,0.03875
456,0.04125
457,0.03875
458,0.04125
459,0.03875
460,0.04125
461,0.03875
462,0.04125
463,0.03875
464,0.04125
465,0.03875
466,0.04125
467,0.03875
468,0.0415625
469,0.0384375
470,0.0415625
471,0.0384375
472,0.0415625
473,0.0384375
474,0.0415625
475,0.0384375
476,0.041875
477,0.038125
478,0.041875
479,0.0378125
480,0.0421875
481,0.0375
482,0.0425
483,0.0371875
484,0.0434375
485,0.035625
486,0.0459375
487,0.0296875
488,0.0734375
489,0.131875
490,0.1128125
491,0.1259375
492,0.1134375
493,0.1303125
494,0.0865625
495,0.028125
496,0.0471875
497,0.034375
498,0.045
499,0.0353125
500,0.045
501,0.0346875
502,0.04625
503,0.0321875
504,0.0521875
505,0.0040625
506,-0.0490625
507,-0.03625
508,-0.041875
509,-0.039375
510,-0.0396875
511,-0.0409375
512,-0.038125
513,-0.0428125
514,-0.0353125
515,-0.0490625
516,-0.0075
517,0.0528125
518,0.0321875
519,0.046875
520,0.0328125
521,0.0509375
522,0.00625
523,-0.0515625
524,-0.033125
525,-0.0453125
526,-0.0353125
527,-0.044375
528,-0.035625
529,-0.0446875
530,-0.0346875
531,-0.04625
532,-0.031875
533,-0.0528125
534,-0.00375
535,0.0484375
536,0.0371875
537,0.0403125
538,0.04125
539,0.0371875
540,0.0453125
541,0.03
542,0.0740625
543,0.1303125
544,0.1153125
545,0.121875
546,0.12
547,0.1175
548,0.1275
549,0.08875
550,0.0265625
551,0.0478125
552,0.0340625
553,0.0446875
554,0.03625
555,0.0434375
556,0.0371875
557,0.0425
558,0.0375
559,0.0421875
560,0.038125
561,0.041875
562,0.0384375
563,0.0415625
564,0.0384375
565,0.04125
566,0.03875
567,0.04125
568,0.0390625
569,0.0409375
570,0.0390625
571,0.0409375
572,0.039375
573,0.040625
574,0.039375
575,0.0403125
576,0.0396875
577,0.0403125
578,0.0396875
579,0.04
580,0.04
581,0.0396875
582,0.040625
583,0.039375
584,0.04125
585,0.038125
586,0.0425
587,0.035625
588,0.04875
589,0.0078125
590,-0.0528125
591,-0.0321875
592,-0.0459375
593,-0.035
594,-0.044375
595,-0.035625
596,-0.044375
597,-0.0353125
598,-0.045625
599,-0.0328125
600,-0.05125
601,-0.0053125
602,0.0503125
603,0.0346875
604,0.0434375
605,0.0375
606,0.0421875
607,0.038125
608,0.0415625
609,0.0384375
610,0.0415625
611,0.038125
612,0.0421875
613,0.036875
614,0.0446875
615,0.03125
616,0.071875
617,0.1334375
618,0.11125
619,0.1278125
620,0.1115625
621,0.1321875
622,0.0846875
623,0.03
624,0.045
625,0.036875
626,0.0421875
627,0.038125
628,0.0415625
629,0.03875
630,0.04125
631,0.03875
632,0.04125
633,0.03875
634,0.0415625
635,0.0384375
636,0.041875
637,0.0375
638,0.043125
639,0.0353125
640,0.0490625
641,0.0075
642,-0.0528125
643,-0.0321875
644,-0.04625
645,-0.0340625
646,-0.04625
647,-0.0325
648,-0.0515625
649,-0.005
650,0.05
651,0.035
652,0.043125
653,0.0378125
654,0.041875
655,0.03875
656,0.04125
657,0.0390625
658,0.040625
659,0.039375
660,0.040625
661,0.0396875
662,0.0403125
663,0.04
664,0.04
665,0.0403125
666,0.039375
667,0.04125
668,0.038125
669,0.04375
670,0.0321875
671,0.07125
672,0.13375
673,0.1109375
674,0.1275
675,0.1128125
676,0.1275
677,0.11125
678,0.1328125
679,0.08375
680,0.03125
681,0.04375
682,0.038125
683,0.0409375
684,0.0396875
685,0.0396875
686,0.040625
687,0.0390625
688,0.0409375
689,0.03875
690,0.0415625
691,0.0378125
692,0.0428125
693,0.0365625
694,0.0453125
695,0.0303125
696,0.0728125
697,0.1321875
698,0.1125
699,0.1265625
700,0.1128125
701,0.130625
702,0.08625
703,0.028125
704,0.0471875
705,0.034375
706,0.0453125
707,0.0346875
708,0.04625
709,0.0321875
710,0.0521875
711,0.004375
712,-0.0490625
713,-0.03625
714,-0.0415625
715,-0.0396875
716,-0.0390625
717,-0.0421875
718,-0.035625
719,-0.0490625
720,-0.0075
721,0.0521875
722,0.033125
723,0.045
724,0.03625
725,0.043125
726,0.0371875
727,0.0425
728,0.0378125
729,0.041875
730,0.038125
731,0.0415625
732,0.0384375
733,0.0415625
734,0.0384375
735,0.0415625
736,0.0384375
737,0.041875
738,0.0378125
739,0.0425
740,0.0365625
741,0.045
742,0.0309375
743,0.0725
744,0.1325
745,0.1125
746,0.1259375
747,0.1146875
748,0.125
749,0.1146875
750,0.12625
751,0.1121875
752,0.1321875
753,0.084375
754,0.030625
755,0.0440625
756,0.0378125
757,0.0409375
758,0.04
759,0.039375
760,0.04125
761,0.0378125
762,0.043125
763,0.035
764,0.0496875
765,0.006875
766,-0.0515625
767,-0.03375
768,-0.044375
769,-0.036875
770,-0.0425
771,-0.038125
772,-0.0415625
773,-0.03875
774,-0.0409375
775,-0.0396875
776,-0.04
777,-0.0403125
778,-0.0390625
779,-0.041875
780,-0.03625
781,-0.048125
782,-0.0084375
783,0.053125
784,0.031875
785,0.04625
786,0.034375
787,0.045
788,0.035
789,0.0453125
790,0.0340625
791,0.0475
792,0.028125
793,0.075
794,0.13
795,0.115
796,0.123125
797,0.1178125
798,0.1215625
799,0.11875
800,0.1209375
801,0.1190625
802,0.120625
803,0.119375
804,0.120625
805,0.119375
806,0.120625
807,0.119375
808,0.120625
809,0.119375
810,0.120625
811,0.119375
812,0.120625
813,0.119375
814,0.120625
815,0.119375
816,0.120625
817,0.119375
818,0.1209375
819,0.1190625
820,0.1209375
821,0.1190625
822,0.12125
823,0.11875
824,0.1215625
825,0.1184375
826,0.121875
827,0.1178125
828,0.1225
829,0.116875
830,0.1240625
831,0.1140625
832,0.1303125
833,0.08625
834,0.02875
835,0.0459375
836,0.03625
837,0.0428125
838,0.0378125
839,0.041875
840,0.0384375
841,0.04125
842,0.0390625
843,0.0409375
844,0.039375
845,0.040625
846,0.0396875
847,0.0403125
848,0.0396875
849,0.0403125
850,0.04
851,0.04
852,0.04
853,0.0396875
854,0.0403125
855,0.0396875
856,0.040625
857,0.039375
858,0.0409375
859,0.0390625
860,0.04125
861,0.0384375
862,0.041875
863,0.0378125
864,0.0428125
865,0.03625
866,0.045625
867,0.03
868,0.07375
869,0.13125
870,0.1140625
871,0.1240625
872,0.1171875
873,0.1221875
874,0.1184375
875,0.12125
876,0.1190625
877,0.120625
878,0.1196875
879,0.12
880,0.1203125
881,0.119375
882,0.12125
883,0.118125
884,0.1228125
885,0.1153125
886,0.1290625
887,0.0875
888,0.0278125
889,0.046875
890,0.035
891,0.0440625
892,0.0365625
893,0.0428125
894,0.0375
895,0.0421875
896,0.0378125
897,0.041875
898,0.0384375
899,0.0415625
900,0.0384375
901,0.04125
902,0.03875
903,0.0409375
904,0.0390625
905,0.0409375
906,0.039375
907,0.040625
908,0.039375
909,0.0403125
910,0.04
911,0.04
912,0.0403125
913,0.039375
914,0.04125
915,0.0378125
916,0.0440625
917,0.0315625
918,0.071875
919,0.133125
920,0.1121875
921,0.1259375
922,0.115
923,0.124375
924,0.1159375
925,0.1240625
926,0.1159375
927,0.1240625
928,0.1153125
929,0.1253125
930,0.113125
931,0.1309375
932,0.085625
933,0.0290625
934,0.0459375
935,0.035625
936,0.0440625
937,0.035625
938,0.045625
939,0.03
940,0.073125
941,0.131875
942,0.113125
943,0.125
944,0.1159375
945,0.12375
946,0.1165625
947,0.123125
948,0.116875
949,0.123125
950,0.116875
951,0.1234375
952,0.1165625
953,0.12375
954,0.115625
955,0.1253125
956,0.113125
957,0.13125
958,0.0853125
959,0.03
960,0.045
961,0.036875
962,0.0421875
963,0.0384375
964,0.0409375
965,0.0390625
966,0.040625
967,0.0396875
968,0.0403125
969,0.0396875
970,0.04
971,0.04
972,0.04
973,0.04
974,0.04
975,0.04
976,0.04
977,0.0403125
978,0.0396875
979,0.0403125
980,0.0396875
981,0.0403125
982,0.0396875
983,0.0403125
984,0.0396875
985,0.0403125
986,0.0396875
987,0.0403125
988,0.0396875
989,0.0403125
990,0.0396875
991,0.0403125
992,0.0396875
993,0.0403125
994,0.0396875
995,0.0403125
996,0.0396875
997,0.0403125
998,0.0396875
999,0.0403125
1000,0.0396875
1001,0.0403125
1002,0.0396875
1003,0.0403125
1004,0.0396875
1005,0.0403125
1006,0.0396875
1007,0.0403125
1008,0.0396875
1009,0.0403125
1010,0.0396875
1011,0.0403125
1012,0.0396875
1013,0.0403125
1014,0.0396875
1015,0.0403125
1016,0.0396875
1017,0.0403125
1018,0.0396875
1019,0.0403125
1020,0.0396875
1021,0.0403125
1022,0.0396875
1023,0.0403125
1024,0.0396875
1025,0.0403125
1026,0.0396875
1027,0.0403125
1028,0.0396875
1029,0.0403125
1030,0.0396875
1031,0.040625
1032,0.039375
1033,0.040625
1034,0.039375
1035,0.040625
1036,0.039375
1037,0.040625
1038,0.039375
1039,0.040625
1040,0.039375
1041,0.040625
1042,0.039375
1043,0.040625
1044,0.039375
1045,0.0409375
1046,0.0390625
1047,0.0409375
1048,0.0390625
1049,0.04125
1050,0.03875
1051,0.0415625
1052,0.038125
1053,0.0425
1054,0.0365625
1055,0.045
1056,0.030625
1057,0.0728125
1058,0.1321875
1059,0.1128125
1060,0.1253125
1061,0.115625
1062,0.1240625
1063,0.1159375
1064,0.1240625
1065,0.1153125
1066,0.1253125
1067,0.1128125
1068,0.13125
1069,0.085
1070,0.03
1071,0.0446875
1072,0.0375
1073,0.04125
1074,0.0396875
1075,0.0390625
1076,0.0428125
1077,0.0328125
1078,0.070625
1079,0.1346875
1080,0.11
1081,0.1290625
1082,0.1103125
1083,0.1334375
1084,0.0834375
1085,0.03125
1086,0.04375
1087,0.0378125
1088,0.04125
1089,0.0390625
1090,0.040625
1091,0.0396875
1092,0.0403125
1093,0.04
1094,0.04
1095,0.04
1096,0.04
1097,0.0403125
1098,0.0396875
1099,0.0403125
1100,0.0396875
1101,0.0403125
1102,0.0396875
1103,0.0403125
1104,0.0396875
1105,0.0403125
1106,0.0396875
1107,0.0403125
1108,0.0396875
1109,0.0403125
1110,0.0396875
1111,0.0403125
1112,0.0396875
1113,0.0403125
1114,0.0396875
1115,0.0403125
1116,0.0396875
1117,0.0403125
1118,0.0396875
1119,0.0403125
1120,0.0396875
1121,0.0403125
1122,0.0396875
1123,0.0403125
1124,0.0396875
1125,0.0403125
1126,0.0396875
1127,0.0403125
1128,0.0396875
1129,0.0403125
1130,0.0396875
1131,0.0403125
1132,0.0396875
1133,0.0403125
1134,0.0396875
1135,0.0403125
1136,0.0396875
1137,0.0403125
1138,0.0396875
1139,0.0403125
1140,0.0396875
1141,0.0403125
1142,0.0396875
1143,0.0403125
1144,0.0396875
1145,0.0403125
1146,0.0396875
1147,0.0403125
1148,0.0396875
1149,0.0403125
1150,0.0396875
1151,0.0403125
1152,0.0396875
1153,0.0403125
1154,0.0396875
1155,0.0403125
1156,0.0396875
1157,0.0403125
1158,0.0396875
1159,0.0403125
1160,0.0396875
1161,0.0403125
1162,0.0396875
1163,0.0403125
1164,0.0396875
1165,0.0403125
1166,0.0396875
1167,0.0403125
1168,0.0396875
1169,0.0403125
1170,0.0396875
1171,0.0403125
1172,0.0396875
1173,0.0403125
1174,0.0396875
1175,0.0403125
1176,0.0396875
1177,0.0403125
1178,0.0396875
1179,0.0403125
1180,0.0396875
1181,0.0403125
1182,0.0396875
1183,0.0403125
1184,0.0396875
1185,0.0403125
1186,0.0396875
1187,0.0403125
1188,0.0396875
1189,0.0403125
1190,0.0396875
1191,0.0403125
1192,0.0396875
1193,0.0403125
1194,0.0396875
1195,0.0403125
1196,0.0396875
1197,0.0403125
1198,0.0396875
1199,0.0403125
1200,0.0396875
1201,0.0403125
1202,0.0396875
1203,0.0403125
1204,0.0396875
1205,0.0403125
1206,0.0396875
1207,0.0403125
1208,0.0396875
1209,0.0403125
1210,0.0396875
1211,0.0403125
1212,0.0396875
1213,0.0403125
1214,0.0396875
1215,0.0403125
1216,0.0396875
1217,0.0403125
1218,0.0396875
1219,0.0403125
1220,0.0396875
1221,0.0403125
1222,0.0396875
1223,0.0403125
1224,0.0396875
1225,0.0403125
1226,0.04
1227,0.04
1228,0.04
1229,0.04
1230,0.04
1231,0.04
1232,0.0403125
1233,0.0396875
1234,0.040625
1235,0.0390625
1236,0.04125
1237,0.0378125
1238,0.04375
1239,0.0321875
1240,0.07125
1241,0.1340625
1242,0.1103125
1243,0.1284375
1244,0.110625
1245,0.133125
1246,0.08375
1247,0.0309375
1248,0.0440625
1249,0.0378125
1250,0.0415625
1251,0.0390625
1252,0.040625
1253,0.039375
1254,0.0403125
1255,0.0396875
1256,0.0403125
1257,0.0396875
1258,0.0403125
1259,0.0396875
1260,0.0403125
1261,0.039375
1262,0.0409375
1263,0.03875
1264,0.0421875
1265,0.03625
1266,0.0478125
1267,0.0090625
1268,-0.054375
1269,-0.0303125
1270,-0.04875
1271,-0.0303125
1272,-0.0534375
1273,-0.0034375
1274,0.04875
1275,0.03625
1276,0.041875
1277,0.0390625
1278,0.0403125
1279,0.04
1280,0.0396875
1281,0.0403125
1282,0.039375
1283,0.040625
1284,0.039375
1285,0.0409375
1286,0.0390625
1287,0.0409375
1288,0.03875
1289,0.04125
1290,0.03875
1291,0.0415625
1292,0.0384375
1293,0.041875
1294,0.038125
1295,0.0421875
1296,0.0378125
1297,0.0425
1298,0.036875
1299,0.04375
1300,0.0353125
1301,0.0465625
1302,0.0290625
1303,0.074375
1304,0.1303125
1305,0.1146875
1306,0.123125
1307,0.1178125
1308,0.1215625
1309,0.1190625
1310,0.120625
1311,0.1196875
1312,0.12
1313,0.1203125
1314,0.119375
1315,0.1209375
1316,0.11875
1317,0.121875
1318,0.1175
1319,0.1234375
1320,0.1146875
1321,0.1296875
1322,0.086875
1323,0.0284375
1324,0.0465625
1325,0.035625
1326,0.0434375
1327,0.0371875
1328,0.0421875
1329,0.038125
1330,0.0415625
1331,0.0384375
1332,0.04125
1333,0.03875
1334,0.0409375
1335,0.0390625
1336,0.0409375
1337,0.0390625
1338,0.040625
1339,0.039375
1340,0.040625
1341,0.039375
1342,0.040625
1343,0.0396875
1344,0.0403125
1345,0.0396875
1346,0.0403125
1347,0.0396875
1348,0.0403125
1349,0.04
1350,0.04
1351,0.04
1352,0.04
1353,0.04
1354,0.0396875
1355,0.0403125
1356,0.0396875
1357,0.040625
1358,0.039375
1359,0.0409375
1360,0.0390625
1361,0.04125
1362,0.0384375
1363,0.0421875
1364,0.036875
1365,0.045
1366,0.030625
1367,0.0728125
1368,0.1321875
1369,0.113125
1370,0.125
1371,0.1159375
1372,0.1234375
1373,0.116875
1374,0.123125
1375,0.1171875
1376,0.1228125
1377,0.1171875
1378,0.1228125
1379,0.116875
1380,0.1234375
1381,0.1159375
1382,0.1246875
1383,0.1134375
1384,0.1309375
1385,0.085625
1386,0.029375
1387,0.045625
1388,0.03625
1389,0.0425
1390,0.0378125
1391,0.0415625
1392,0.03875
1393,0.04125
1394,0.0390625
1395,0.0409375
1396,0.0390625
1397,0.0409375
1398,0.039375
1399,0.040625
1400,0.039375
1401,0.040625
1402,0.039375
1403,0.040625
1404,0.039375
1405,0.040625
1406,0.039375
1407,0.040625
1408,0.039375
1409,0.040625
1410,0.039375
1411,0.040625
1412,0.039375
1413,0.040625
1414,0.039375
1415,0.040625
1416,0.039375
1417,0.040625
1418,0.039375
1419,0.040625
1420,0.039375
1421,0.040625
1422,0.039375
1423,0.040625
1424,0.039375
1425,0.040625
1426,0.0390625
1427,0.0409375
1428,0.0390625
1429,0.0409375
1430,0.0390625
1431,0.0409375
1432,0.0390625
1433,0.0409375
1434,0.0390625
1435,0.04125
1436,0.03875
1437,0.04125
1438,0.03875
1439,0.04125
1440,0.0384375
1441,0.0415625
1442,0.0384375
1443,0.041875
1444,0.038125
1445,0.0421875
1446,0.0378125
1447,0.0425
1448,0.0375
1449,0.0428125
1450,0.0365625
1451,0.04375
1452,0.035625
1453,0.0453125
1454,0.0334375
1455,0.04875
1456,0.02625
1457,0.078125
1458,0.1246875
1459,0.125
1460,0.0896875
1461,0.0265625
1462,0.0475
1463,0.0353125
1464,0.043125
1465,0.038125
1466,0.040625
1467,0.040625
1468,0.0371875
1469,0.0475
1470,0.00875
1471,-0.0534375
1472,-0.031875
1473,-0.0459375
1474,-0.0353125
1475,-0.0440625
1476,-0.0365625
1477,-0.0428125
1478,-0.0375
1479,-0.041875
1480,-0.0384375
1481,-0.0409375
1482,-0.0403125
1483,-0.038125
1484,-0.04625
1485,-0.0103125
1486,0.0553125
1487,0.0296875
1488,0.0484375
1489,0.0321875
1490,0.0478125
1491,0.031875
1492,0.0496875
1493,0.02625
1494,0.0771875
1495,0.1278125
1496,0.1171875
1497,0.1209375
1498,0.12
1499,0.119375
1500,0.1209375
1501,0.11875
1502,0.1215625
1503,0.118125
1504,0.121875
1505,0.1178125
1506,0.1221875
1507,0.1175
1508,0.1228125
1509,0.116875
1510,0.1234375
1511,0.1159375
1512,0.125
1513,0.113125
1514,0.13125
1515,0.085
1516,0.03
1517,0.0446875
1518,0.0371875
1519,0.0415625
1520,0.0390625
1521,0.0403125
1522,0.04
1523,0.0396875
1524,0.040625
1525,0.0390625
1526,0.04125
1527,0.0384375
1528,0.041875
1529,0.0375
1530,0.043125
1531,0.0359375
1532,0.0459375
1533,0.029375
1534,0.074375
1535,0.130625
1536,0.115
1537,0.1228125
1538,0.1184375
1539,0.1203125
1540,0.12125
1541,0.116875
1542,0.1278125
1543,0.0884375
1544,0.0265625
1545,0.048125
1546,0.0340625
1547,0.045
1548,0.035625
1549,0.04375
1550,0.03625
1551,0.0434375
1552,0.036875
1553,0.043125
1554,0.036875
1555,0.043125
1556,0.036875
1557,0.043125
1558,0.036875
1559,0.0434375
1560,0.0365625
1561,0.04375
1562,0.0359375
1563,0.0446875
1564,0.034375
1565,0.0475
1566,0.028125
1567,0.0753125
1568,0.129375
1569,0.1159375
1570,0.121875
1571,0.1190625
1572,0.12
1573,0.1209375
1574,0.1184375
1575,0.1228125
1576,0.1153125
1577,0.129375
1578,0.0871875
1579,0.028125
1580,0.046875
1581,0.0353125
1582,0.04375
1583,0.036875
1584,0.0428125
1585,0.0375
1586,0.0421875
1587,0.038125
1588,0.041875
1589,0.038125
1590,0.041875
1591,0.038125
1592,0.041875
1593,0.038125
1594,0.0421875
1595,0.0375
1596,0.043125
1597,0.0353125
1598,0.0484375
1599,0.0084375
1600,-0.054375
1601,-0.0290625
1602,-0.0534375
1603,-0.0040625
1604,0.0496875
1605,0.0353125
1606,0.043125
1607,0.0375
1608,0.041875
1609,0.0384375
1610,0.0415625
1611,0.0384375
1612,0.0415625
1613,0.0384375
1614,0.0415625
1615,0.0384375
1616,0.041875
1617,0.0378125
1618,0.0425
1619,0.0365625
1620,0.045
1621,0.030625
1622,0.0725
1623,0.1325
1624,0.1121875
1625,0.12625
1626,0.114375
1627,0.1259375
1628,0.1125
1629,0.1315625
1630,0.085
1631,0.0296875
1632,0.0453125
1633,0.0365625
1634,0.0425
1635,0.038125
1636,0.0415625
1637,0.03875
1638,0.0409375
1639,0.0390625
1640,0.0409375
1641,0.039375
1642,0.040625
1643,0.039375
1644,0.040625
1645,0.039375
1646,0.040625
1647,0.0396875
1648,0.0403125
1649,0.0396875
1650,0.0403125
1651,0.0396875
1652,0.0403125
1653,0.0396875
1654,0.0403125
1655,0.0396875
1656,0.0403125
1657,0.0396875
1658,0.0403125
1659,0.0396875
1660,0.0403125
1661,0.0396875
1662,0.0403125
1663,0.0396875
1664,0.0403125
1665,0.0396875
1666,0.0403125
1667,0.0396875
1668,0.0403125
1669,0.0396875
1670,0.04
1671,0.04
1672,0.04
1673,0.04
1674,0.04
1675,0.04
1676,0.04
1677,0.04
1678,0.04
1679,0.04
1680,0.04
1681,0.04
1682,0.04
1683,0.04
1684,0.0396875
1685,0.0403125
1686,0.0396875
1687,0.0403125
1688,0.039375
1689,0.040625
1690,0.0390625
1691,0.0409375
1692,0.03875
1693,0.041875
1694,0.0371875
1695,0.044375
1696,0.03125
1697,0.0721875
1698,0.1328125
1699,0.1121875
1700,0.1259375
1701,0.1146875
1702,0.125
1703,0.1146875
1704,0.1259375
1705,0.1125
1706,0.1315625
1707,0.085
1708,0.03
1709,0.045
1710,0.036875
1711,0.0421875
1712,0.0384375
1713,0.04125
1714,0.0390625
1715,0.040625
1716,0.039375
1717,0.0403125
1718,0.0396875
1719,0.0403125
1720,0.0396875
1721,0.0403125
1722,0.04
1723,0.04
1724,0.04
1725,0.04
1726,0.04
1727,0.04
1728,0.04
1729,0.04
1730,0.04
1731,0.04
1732,0.04
1733,0.04
1734,0.04
1735,0.04
1736,0.04
1737,0.04
1738,0.0403125
1739,0.0396875
1740,0.0403125
1741,0.0396875
1742,0.0403125
1743,0.0396875
1744,0.0403125
1745,0.0396875
1746,0.0403125
1747,0.0396875
1748,0.0403125
1749,0.0396875
1750,0.0403125
1751,0.039375
1752,0.040625
1753,0.039375
1754,0.0409375
1755,0.0390625
1756,0.04125
1757,0.0384375
1758,0.0421875
1759,0.0371875
1760,0.0446875
1761,0.03125
1762,0.0721875
1763,0.1328125
1764,0.111875
1765,0.1265625
1766,0.1140625
1767,0.12625
1768,0.1121875
1769,0.131875
1770,0.085
1771,0.03
1772,0.045
1773,0.036875
1774,0.0421875
1775,0.0384375
1776,0.04125
1777,0.0390625
1778,0.0409375
1779,0.039375
1780,0.040625
1781,0.039375
1782,0.040625
1783,0.039375
1784,0.0403125
1785,0.0396875
1786,0.0403125
1787,0.0396875
1788,0.0403125
1789,0.0396875
1790,0.0403125
1791,0.0396875
1792,0.0403125
1793,0.0396875
1794,0.0403125
1795,0.0396875
1796,0.0403125
1797,0.0396875
1798,0.0403125
1799,0.0396875
1800,0.0403125
1801,0.0396875
1802,0.0403125
1803,0.0396875
1804,0.040625
1805,0.039375
1806,0.040625
1807,0.039375
1808,0.0409375
1809,0.0390625
1810,0.04125
1811,0.0384375
1812,0.041875
1813,0.0371875
1814,0.044375
1815,0.03125
1816,0.0721875
1817,0.133125
1818,0.111875
1819,0.1265625
1820,0.11375
1821,0.1265625
1822,0.1121875
1823,0.131875
1824,0.0846875
1825,0.0303125
1826,0.0446875
1827,0.0371875
1828,0.041875
1829,0.0384375
1830,0.0409375
1831,0.0390625
1832,0.040625
1833,0.039375
1834,0.0403125
1835,0.0396875
1836,0.0403125
1837,0.04
1838,0.04
1839,0.04
1840,0.04
1841,0.04
1842,0.0396875
1843,0.0403125
1844,0.0396875
1845,0.0403125
1846,0.039375
1847,0.040625
1848,0.039375
1849,0.0409375
1850,0.03875
1851,0.04125
1852,0.0384375
1853,0.0421875
1854,0.0371875
1855,0.04375
1856,0.034375
1857,0.05
1858,0.00625
1859,-0.050625
1860,-0.0353125
1861,-0.04125
1862,-0.0434375
1863,-0.0128125
1864,0.0584375
1865,0.0253125
1866,0.0571875
1867,0.0003125
1868,-0.0459375
1869,-0.0390625
1870,-0.0390625
1871,-0.041875
1872,-0.0371875
1873,-0.0440625
1874,-0.0340625
1875,-0.0503125
1876,-0.0059375
1877,0.0509375
1878,0.034375
1879,0.04375
1880,0.0371875
1881,0.0421875
1882,0.0384375
1883,0.04125
1884,0.03875
1885,0.0409375
1886,0.0390625
1887,0.040625
1888,0.039375
1889,0.040625
1890,0.0396875
1891,0.0403125
1892,0.0396875
1893,0.0403125
1894,0.0396875
1895,0.04
1896,0.04
1897,0.04
1898,0.0403125
1899,0.039375
1900,0.0409375
1901,0.0384375
1902,0.043125
1903,0.0328125
1904,0.07
1905,0.1359375
1906,0.1075
1907,0.135
1908,0.0821875
1909,0.0321875
1910,0.0428125
1911,0.0390625
1912,0.0396875
1913,0.04125
1914,0.0375
1915,0.044375
1916,0.03125
1917,0.0725
1918,0.1325
1919,0.1125
1920,0.125625
1921,0.115625
1922,0.1240625
1923,0.11625
1924,0.12375
1925,0.11625
1926,0.12375
1927,0.115625
1928,0.1253125
1929,0.113125
1930,0.13125
1931,0.0853125
1932,0.0296875
1933,0.0453125
1934,0.0365625
1935,0.0425
1936,0.038125
1937,0.0415625
1938,0.03875
1939,0.0409375
1940,0.0390625
1941,0.0409375
1942,0.039375
1943,0.040625
1944,0.039375
1945,0.040625
1946,0.039375
1947,0.0409375
1948,0.0390625
1949,0.0409375
1950,0.03875
1951,0.0415625
1952,0.0375
1953,0.04375
1954,0.0321875
1955,0.070625
1956,0.135
1957,0.108125
1958,0.1340625
1959,0.0834375
1960,0.03125
1961,0.0440625
1962,0.0375
1963,0.0415625
1964,0.03875
1965,0.0409375
1966,0.039375
1967,0.040625
1968,0.0396875
1969,0.0403125
1970,0.0396875
1971,0.0403125
1972,0.0396875
1973,0.0403125
1974,0.0396875
1975,0.04
1976,0.04
1977,0.04
1978,0.04
1979,0.04
1980,0.04
1981,0.04
1982,0.04
1983,0.04
1984,0.04
1985,0.04
1986,0.04
1987,0.04
1988,0.04
1989,0.04
1990,0.04
1991,0.04
1992,0.04
1993,0.04
1994,0.04
1995,0.04
1996,0.04
1997,0.04
1998,0.04
1999,0.04
2000,0.04
2001,0.04
2002,0.04
2003,0.04
2004,0.04
2005,0.04
2006,0.04
2007,0.04
2008,0.04
2009,0.04
2010,0.04
2011,0.04
2012,0.04
2013,0.04
2014,0.04
2015,0.04
2016,0.04
2017,0.04
2018,0.04
2019,0.04
2020,0.04
2021,0.04
2022,0.04
2023,0.04
2024,0.04
2025,0.04
2026,0.04
2027,0.04
2028,0.04
2029,0.0403125
2030,0.0396875
2031,0.0403125
2032,0.0396875
2033,0.0403125
2034,0.0396875
2035,0.040625
2036,0.039375
2037,0.0409375
2038,0.03875
2039,0.0415625
2040,0.0375
2041,0.0440625
2042,0.031875
2043,0.0715625
2044,0.13375
2045,0.110625
2046,0.128125
2047,0.1109375
2048,0.1328125
2049,0.0840625
2050,0.030625
2051,0.044375
2052,0.0375
2053,0.041875
2054,0.03875
2055,0.0409375
2056,0.039375
2057,0.040625
2058,0.0396875
2059,0.0403125
2060,0.0396875
2061,0.0403125
2062,0.0396875
2063,0.04
2064,0.04
2065,0.04
2066,0.04
2067,0.04
2068,0.04
2069,0.04
2070,0.04
2071,0.04
2072,0.04
2073,0.04
2074,0.04
2075,0.04
2076,0.04
2077,0.04
2078,0.04
2079,0.04
2080,0.04
2081,0.04
2082,0.0403125
2083,0.0396875
2084,0.0403125
2085,0.0396875
2086,0.0403125
2087,0.0396875
2088,0.0403125
2089,0.0396875
2090,0.0403125
2091,0.0396875
2092,0.0403125
2093,0.0396875
2094,0.0403125
2095,0.0396875
2096,0.0403125
2097,0.0396875
2098,0.040625
2099,0.039375
2100,0.040625
2101,0.039375
2102,0.0409375
2103,0.0390625
2104,0.04125
2105,0.03875
2106,0.041875
2107,0.0378125
2108,0.043125
2109,0.0353125
2110,0.0490625
2111,0.0075
2112,-0.0525
2113,-0.0325
2114,-0.045625
2115,-0.035
2116,-0.0446875
2117,-0.035
2118,-0.045625
2119,-0.0328125
2120,-0.05125
2121,-0.0053125
2122,0.0503125
2123,0.0346875
2124,0.0434375
2125,0.0375
2126,0.041875
2127,0.0384375
2128,0.04125
2129,0.0390625
2130,0.0409375
2131,0.0390625
2132,0.040625
2133,0.039375
2134,0.040625
2135,0.039375
2136,0.040625
2137,0.039375
2138,0.0403125
2139,0.0396875
2140,0.0403125
2141,0.0396875
2142,0.0403125
2143,0.0396875
2144,0.0403125
2145,0.0396875
2146,0.0403125
2147,0.0396875
2148,0.0403125
2149,0.0396875
2150,0.0403125
2151,0.0396875
2152,0.0403125
2153,0.0396875
2154,0.0403125
2155,0.0396875
2156,0.0403125
2157,0.0396875
2158,0.0403125
2159,0.0396875
2160,0.0403125
2161,0.0396875
2162,0.0403125
2163,0.0396875
2164,0.0403125
2165,0.0396875
2166,0.0403125
2167,0.0396875
2168,0.0403125
2169,0.0396875
2170,0.0403125
2171,0.0396875
2172,0.0403125
2173,0.0396875
2174,0.0403125
2175,0.0396875
2176,0.0403125
2177,0.0396875
2178,0.0403125
2179,0.0396875
2180,0.0403125
2181,0.0396875
2182,0.0403125
2183,0.0396875
2184,0.0403125
2185,0.0396875
2186,0.0403125
2187,0.0396875
2188,0.0403125
2189,0.0396875
2190,0.0403125
2191,0.0396875
2192,0.0403125
2193,0.0396875
2194,0.0403125
2195,0.0396875
2196,0.0403125
2197,0.0396875
2198,0.0403125
2199,0.0396875
2200,0.0403125
2201,0.0396875
2202,0.0403125
2203,0.0396875
2204,0.0403125
2205,0.0396875
2206,0.0403125
2207,0.0396875
2208,0.0403125
2209,0.0396875
2210,0.0403125
2211,0.0396875
2212,0.040625
2213,0.039375
2214,0.040625
2215,0.039375
2216,0.040625
2217,0.039375
2218,0.040625
2219,0.039375
2220,0.040625
2221,0.039375
2222,0.040625
2223,0.039375
2224,0.040625
2225,0.039375
2226,0.040625
2227,0.039375
2228,0.040625
2229,0.039375
2230,0.040625
2231,0.039375
2232,0.040625
2233,0.0390625
2234,0.0409375
2235,0.0390625
2236,0.0409375
2237,0.0390625
2238,0.0409375
2239,0.0390625
2240,0.0409375
2241,0.0390625
2242,0.04125
2243,0.03875
2244,0.04125
2245,0.03875
2246,0.04125
2247,0.0384375
2248,0.0415625
2249,0.0384375
2250,0.041875
2251,0.038125
2252,0.0421875
2253,0.0378125
2254,0.0425
2255,0.0371875
2256,0.043125
2257,0.03625
2258,0.044375
2259,0.034375
2260,0.0475
2261,0.0278125
2262,0.0759375
2263,0.128125
2264,0.1178125
2265,0.1184375
2266,0.126875
2267,0.08875
2268,0.0265625
2269,0.0478125
2270,0.034375
2271,0.044375
2272,0.03625
2273,0.043125
2274,0.0371875
2275,0.0425
2276,0.0378125
2277,0.0421875
2278,0.038125
2279,0.041875
2280,0.0384375
2281,0.0415625
2282,0.0384375
2283,0.04125
2284,0.03875
2285,0.04125
2286,0.03875
2287,0.04125
2288,0.0390625
2289,0.0409375
2290,0.0390625
2291,0.0409375
2292,0.0390625
2293,0.0409375
2294,0.0390625
2295,0.0409375
2296,0.039375
2297,0.040625
2298,0.039375
2299,0.040625
2300,0.039375
2301,0.040625
2302,0.039375
2303,0.040625
2304,0.039375
2305,0.040625
2306,0.039375
2307,0.040625
2308,0.039375
2309,0.040625
2310,0.039375
2311,0.040625
2312,0.039375
2313,0.040625
2314,0.039375
2315,0.040625
2316,0.039375
2317,0.040625
2318,0.0396875
2319,0.0403125
2320,0.0396875
2321,0.0403125
2322,0.0396875
2323,0.0403125
2324,0.0396875
2325,0.040625
2326,0.039375
2327,0.040625
2328,0.039375
2329,0.040625
2330,0.039375
2331,0.040625
2332,0.039375
2333,0.0409375
2334,0.0390625
2335,0.04125
2336,0.0384375
2337,0.0425
2338,0.03625
2339,0.0478125
2340,0.009375
2341,-0.055
2342,-0.0284375
2343,-0.0540625
2344,-0.0034375
2345,0.04875
2346,0.0359375
2347,0.0425
2348,0.0384375
2349,0.04125
2350,0.0390625
2351,0.040625
2352,0.039375
2353,0.0403125
2354,0.0396875
2355,0.0403125
2356,0.0396875
2357,0.04
2358,0.04
2359,0.04
2360,0.04
2361,0.04
2362,0.04
2363,0.04
2364,0.0403125
2365,0.0396875
2366,0.0403125
2367,0.0396875
2368,0.0403125
2369,0.0396875
2370,0.0403125
2371,0.039375
2372,0.040625
2373,0.039375
2374,0.040625
2375,0.039375
2376,0.0409375
2377,0.0390625
2378,0.0409375
2379,0.03875
2380,0.04125
2381,0.0384375
2382,0.041875
2383,0.038125
2384,0.0425
2385,0.0371875
2386,0.0434375
2387,0.0353125
2388,0.0465625
2389,0.0290625
2390,0.0746875
2391,0.13
2392,0.115625
2393,0.121875
2394,0.1203125
2395,0.1175
2396,0.1275
2397,0.08875
2398,0.0265625
2399,0.048125
2400,0.0340625
2401,0.045
2402,0.0359375
2403,0.04375
2404,0.0365625
2405,0.043125
2406,0.0371875
2407,0.0428125
2408,0.0375
2409,0.0425
2410,0.0378125
2411,0.0421875
2412,0.0378125
2413,0.0421875
2414,0.038125
2415,0.041875
2416,0.038125
2417,0.041875
2418,0.038125
2419,0.041875
2420,0.0384375
2421,0.0415625
2422,0.0384375
2423,0.0415625
2424,0.0384375
2425,0.0415625
2426,0.0384375
2427,0.0415625
2428,0.0384375
2429,0.0415625
2430,0.0384375
2431,0.0415625
2432,0.0384375
2433,0.0415625
2434,0.0384375
2435,0.0415625
2436,0.0384375
2437,0.0415625
2438,0.0384375
2439,0.0415625
2440,0.0384375
2441,0.0415625
2442,0.0384375
2443,0.0415625
2444,0.0384375
2445,0.0415625
2446,0.0384375
2447,0.0415625
2448,0.0384375
2449,0.0415625
2450,0.0384375
2451,0.0415625
2452,0.0384375
2453,0.041875
2454,0.038125
2455,0.041875
2456,0.038125
2457,0.041875
2458,0.038125
2459,0.041875
2460,0.0378125
2461,0.0421875
2462,0.0378125
2463,0.0421875
2464,0.0375
2465,0.0425
2466,0.0371875
2467,0.0428125
2468,0.036875
2469,0.0434375
2470,0.03625
2471,0.044375
2472,0.034375
2473,0.0471875
2474,0.028125
2475,0.0753125
2476,0.129375
2477,0.1159375
2478,0.1221875
2479,0.1190625
2480,0.1203125
2481,0.120625
2482,0.1190625
2483,0.1215625
2484,0.1175
2485,0.1234375
2486,0.1146875
2487,0.13
2488,0.0865625
2489,0.02875
2490,0.0459375
2491,0.0359375
2492,0.0428125
2493,0.0378125
2494,0.041875
2495,0.0384375
2496,0.04125
2497,0.0390625
2498,0.040625
2499,0.039375
2500,0.0403125
2501,0.0396875
2502,0.04
2503,0.04
2504,0.04
2505,0.0403125
2506,0.0396875
2507,0.040625
2508,0.039375
2509,0.0409375
2510,0.03875
2511,0.0415625
2512,0.0378125
2513,0.0428125
2514,0.03625
2515,0.045625
2516,0.03
2517,0.07375
2518,0.13125
2519,0.1140625
2520,0.12375
2521,0.1175
2522,0.12125
2523,0.12
2524,0.118125
2525,0.12625
2526,0.0903125
2527,0.024375
2528,0.0509375
2529,0.0303125
2530,0.050625
2531,0.025625
2532,0.0771875
2533,0.1278125
2534,0.1171875
2535,0.12125
2536,0.1196875
2537,0.1196875
2538,0.1209375
2539,0.11875
2540,0.1215625
2541,0.118125
2542,0.1221875
2543,0.1171875
2544,0.12375
2545,0.114375
2546,0.13
2547,0.08625
2548,0.02875
2549,0.04625
2550,0.0359375
2551,0.043125
2552,0.0375
2553,0.0421875
2554,0.038125
2555,0.0415625
2556,0.0384375
2557,0.04125
2558,0.03875
2559,0.0409375
2560,0.0390625
2561,0.0409375
2562,0.0390625
2563,0.0409375
2564,0.0390625
2565,0.0409375
2566,0.039375
2567,0.040625
2568,0.039375
2569,0.040625
2570,0.039375
2571,0.040625
2572,0.039375
2573,0.040625
2574,0.039375
2575,0.040625
2576,0.039375
2577,0.040625
2578,0.039375
2579,0.040625
2580,0.039375
2581,0.040625
2582,0.039375
2583,0.040625
2584,0.039375
2585,0.040625
2586,0.039375
2587,0.040625
2588,0.039375
2589,0.040625
2590,0.039375
2591,0.040625
2592,0.039375
2593,0.040625
2594,0.039375
2595,0.040625
2596,0.039375
2597,0.040625
2598,0.039375
2599,0.040625
2600,0.039375
2601,0.040625
2602,0.039375
2603,0.040625
2604,0.039375
2605,0.040625
2606,0.039375
2607,0.040625
2608,0.039375
2609,0.040625
2610,0.039375
2611,0.040625
2612,0.039375
2613,0.040625
2614,0.039375
2615,0.040625
2616,0.039375
2617,0.040625
2618,0.0396875
2619,0.0403125
2620,0.0396875
2621,0.0403125
2622,0.0396875
2623,0.0403125
2624,0.0396875
2625,0.04
2626,0.04
2627,0.0396875
2628,0.040625
2629,0.0390625
2630,0.041875
2631,0.0365625
2632,0.0475
2633,0.0090625
2634,-0.0546875
2635,-0.03
2636,-0.0490625
2637,-0.0303125
2638,-0.0534375
2639,-0.0034375
2640,0.0484375
2641,0.03625
2642,0.041875
2643,0.0390625
2644,0.0403125
2645,0.04
2646,0.0396875
2647,0.0403125
2648,0.039375
2649,0.040625
2650,0.039375
2651,0.0409375
2652,0.0390625
2653,0.0409375
2654,0.03875
2655,0.0415625
2656,0.038125
2657,0.0425
2658,0.0365625
2659,0.046875
2660,0.01125
2661,-0.060625
2662,-0.0009375
2663,0.0478125
2664,0.03625
2665,0.0425
2666,0.0384375
2667,0.04125
2668,0.0390625
2669,0.040625
2670,0.04
2671,0.0390625
2672,0.0425
2673,0.0334375
2674,0.0696875
2675,0.135625
2676,0.1090625
2677,0.13
2678,0.109375
2679,0.1346875
2680,0.0821875
2681,0.0325
2682,0.0425
2683,0.039375
2684,0.0396875
2685,0.0409375
2686,0.03875
2687,0.0415625
2688,0.0384375
2689,0.0415625
2690,0.03875
2691,0.0403125
2692,0.0428125
2693,0.015
2694,-0.0628125
2695,-0.0165625
2696,-0.0871875
2697,-0.1134375
2698,-0.1565625
2699,-0.2021875
2700,-0.2278125
2701,-0.2925
2702,-0.2921875
2703,-0.415
2704,-0.433125
2705,-0.47
2706,-0.5534375
2707,-0.64125
2708,-0.684375
2709,-0.6996875
2710,-0.804375
2711,-0.8659375
2712,-0.9628125
2713,-1.0259375
2714,-1.1240625
2715,-1.183125
2716,-1.2909375
2717,-1.3140625
2718,-1.35125
2719,-1.430625
2720,-1.5253125
2721,-1.55875
2722,-1.5871875
2723,-1.6746875
2724,-1.7609375
2725,-1.80375
2726,-1.8203125
2727,-1.92625
2728,-1.9634375
2729,-1.9765625
2730,-2.0940625
2731,-2.11
2732,-2.1590625
2733,-2.1990625
2734,-2.2321875
2735,-2.285625
2736,-2.3046875
2737,-2.3765625
2738,-2.3521875
2739,-2.360625
2740,-2.3846875
2741,-2.4590625
2742,-2.426875
2743,-2.4503125
2744,-2.4309375
2745,-2.448125
2746,-2.4328125
2747,-2.446875
2748,-2.4334375
2749,-2.44625
2750,-2.4340625
2751,-2.4459375
2752,-2.43375
2753,-2.446875
2754,-2.4315625
2755,-2.4521875
2756,-2.4046875
2757,-2.3496875
2758,-2.3659375
2759,-2.354375
2760,-2.36875
2761,-2.3290625
2762,-2.2640625
2763,-2.2946875
2764,-2.244375
2765,-2.188125
2766,-2.21125
2767,-2.1678125
2768,-2.1053125
2769,-2.1340625
2770,-2.085
2771,-2.0275
2772,-2.0515625
2773,-2.0071875
2774,-1.945625
2775,-1.9734375
2776,-1.9253125
2777,-1.8684375
2778,-1.888125
2779,-1.8715625
2780,-1.8925
2781,-1.8440625
2782,-1.79125
2783,-1.803125
2784,-1.8
2785,-1.7971875
2786,-1.808125
2787,-1.7671875
2788,-1.7090625
2789,-1.72375
2790,-1.723125
2791,-1.691875
2792,-1.6246875
2793,-1.6484375
2794,-1.638125
2795,-1.6178125
2796,-1.5375
2797,-1.578125
2798,-1.5421875
2799,-1.58125
2800,-1.515625
2801,-1.4796875
2802,-1.4740625
2803,-1.491875
2804,-1.444375
2805,-1.39
2806,-1.408125
2807,-1.371875
2808,-1.2996875
2809,-1.3415625
2810,-1.274375
2811,-1.245
2812,-1.2053125
2813,-1.155
2814,-1.1365625
2815,-1.0590625
2816,-1.099375
2817,-1.03875
2818,-0.9984375
2819,-0.9753125
2820,-0.8990625
2821,-0.9403125
2822,-0.8778125
2823,-0.8371875
2824,-0.83625
2825,-0.85
2826,-0.8053125
2827,-0.7509375
2828,-0.761875
2829,-0.764375
2830,-0.7315625
2831,-0.66375
2832,-0.69125
2833,-0.6690625
2834,-0.69375
2835,-0.6434375
2836,-0.5909375
2837,-0.604375
2838,-0.596875
2839,-0.6025
2840,-0.5978125
2841,-0.6021875
2842,-0.5971875
2843,-0.6034375
2844,-0.595
2845,-0.609375
2846,-0.5675
2847,-0.5071875
2848,-0.5278125
2849,-0.5134375
2850,-0.5265625
2851,-0.5125
2852,-0.5315625
2853,-0.4853125
2854,-0.4296875
2855,-0.445625
2856,-0.43625
2857,-0.4428125
2858,-0.4378125
2859,-0.441875
2860,-0.438125
2861,-0.4415625
2862,-0.4384375
2863,-0.4415625
2864,-0.4384375
2865,-0.4415625
2866,-0.4384375
2867,-0.4415625
2868,-0.4384375
2869,-0.4415625
2870,-0.4384375
2871,-0.4415625
2872,-0.4384375
2873,-0.4415625
2874,-0.438125
2875,-0.441875
2876,-0.438125
2877,-0.4421875
2878,-0.4375
2879,-0.4428125
2880,-0.436875
2881,-0.44375
2882,-0.4353125
2883,-0.44625
2884,-0.4290625
2885,-0.474375
2886,-0.530625
2887,-0.5146875
2888,-0.5234375
2889,-0.5175
2890,-0.5215625
2891,-0.51875
2892,-0.5209375
2893,-0.519375
2894,-0.5203125
2895,-0.5196875
2896,-0.52
2897,-0.52
2898,-0.5196875
2899,-0.520625
2900,-0.519375
2901,-0.5209375
2902,-0.5184375
2903,-0.5221875
2904,-0.516875
2905,-0.5246875
2906,-0.5109375
2907,-0.5525
2908,-0.6125
2909,-0.5928125
2910,-0.6053125
2911,-0.595625
2912,-0.6040625
2913,-0.59625
2914,-0.60375
2915,-0.5959375
2916,-0.604375
2917,-0.595
2918,-0.606875
2919,-0.5890625
2920,-0.634375
2921,-0.690625
2922,-0.6746875
2923,-0.6834375
2924,-0.6775
2925,-0.681875
2926,-0.6784375
2927,-0.68125
2928,-0.67875
2929,-0.6809375
2930,-0.6790625
2931,-0.6809375
2932,-0.6790625
2933,-0.6809375
2934,-0.679375
2935,-0.680625
2936,-0.679375
2937,-0.680625
2938,-0.679375
2939,-0.680625
2940,-0.679375
2941,-0.680625
2942,-0.679375
2943,-0.680625
2944,-0.679375
2945,-0.680625
2946,-0.679375
2947,-0.680625
2948,-0.679375
2949,-0.680625
2950,-0.679375
2951,-0.680625
2952,-0.679375
2953,-0.6809375
2954,-0.6790625
2955,-0.6809375
2956,-0.6790625
2957,-0.6809375
2958,-0.6790625
2959,-0.6809375
2960,-0.67875
2961,-0.68125
2962,-0.67875
2963,-0.6815625
2964,-0.6784375
2965,-0.681875
2966,-0.6778125
2967,-0.6825
2968,-0.676875
2969,-0.6840625
2970,-0.6740625
2971,-0.6903125
2972,-0.64625
2973,-0.58875
2974,-0.6059375
2975,-0.5959375
2976,-0.603125
2977,-0.5975
2978,-0.601875
2979,-0.5984375
2980,-0.6015625
2981,-0.59875
2982,-0.6009375
2983,-0.5990625
2984,-0.600625
2985,-0.599375
2986,-0.6003125
2987,-0.5996875
2988,-0.6
2989,-0.6003125
2990,-0.5990625
2991,-0.601875
2992,-0.5965625
2993,-0.6078125
2994,-0.5690625
2995,-0.5059375
2996,-0.529375
2997,-0.5125
2998,-0.5271875
2999,-0.5128125
3000,-0.5278125
3001,-0.510625
3002,-0.53375
3003,-0.4825
3004,-0.4325
3005,-0.441875
3006,-0.440625
3007,-0.4378125
3008,-0.4440625
3009,-0.43375
3010,-0.4515625
3011,-0.4040625
3012,-0.3521875
3013,-0.360625
3014,-0.3659375
3015,-0.3290625
3016,-0.2675
3017,-0.2853125
3018,-0.2809375
3019,-0.255
3020,-0.179375
3021,-0.21875
3022,-0.16125
3023,-0.110625
3024,-0.1296875
3025,-0.0871875
3026,-0.0309375
3027,-0.0221875
3028,0.068125
3029,0.0125
3030,0.0909375
3031,0.1103125
3032,0.1590625
3033,0.2003125
3034,0.2284375
3035,0.2953125
3036,0.2671875
3037,0.3125
3038,0.37625
3039,0.343125
3040,0.3996875
3041,0.4446875
3042,0.4421875
3043,0.43125
3044,0.47375
3045,0.5296875
3046,0.5175
3047,0.515625
3048,0.5490625
3049,0.6153125
3050,0.590625
3051,0.6071875
3052,0.5940625
3053,0.605
3054,0.595625
3055,0.6040625
3056,0.59625
3057,0.6034375
3058,0.596875
3059,0.603125
3060,0.596875
3061,0.6028125
3062,0.5971875
3063,0.6028125
3064,0.5971875
3065,0.6028125
3066,0.5971875
3067,0.6028125
3068,0.5971875
3069,0.6028125
3070,0.596875
3071,0.603125
3072,0.5965625
3073,0.6034375
3074,0.59625
3075,0.604375
3076,0.595
3077,0.6059375
3078,0.5921875
3079,0.6125
3080,0.5640625
3081,0.51125
3082,0.523125
3083,0.519375
3084,0.5190625
3085,0.5225
3086,0.5153125
3087,0.529375
3088,0.4865625
3089,0.42875
3090,0.445625
3091,0.4365625
3092,0.441875
3093,0.4396875
3094,0.438125
3095,0.44625
3096,0.41
3097,0.3446875
3098,0.3709375
3099,0.3496875
3100,0.3734375
3101,0.3240625
3102,0.2703125
3103,0.2853125
3104,0.275625
3105,0.284375
3106,0.2740625
3107,0.29
3108,0.2465625
3109,0.1884375
3110,0.2065625
3111,0.195625
3112,0.2034375
3113,0.1975
3114,0.201875
3115,0.19875
3116,0.200625
3117,0.2003125
3118,0.1978125
3119,0.2065625
3120,0.17
3121,0.105
3122,0.13
3123,0.111875
3124,0.1275
3125,0.1125
3126,0.128125
3127,0.1103125
3128,0.13375
3129,0.0828125
3130,0.0321875
3131,0.0428125
3132,0.0390625
3133,0.04
3134,0.040625
3135,0.03875
3136,0.0415625
3137,0.038125
3138,0.0421875
3139,0.0371875
3140,0.0434375
3141,0.035625
3142,0.04625
3143,0.029375
3144,0.0740625
3145,0.1309375
3146,0.1140625
3147,0.1240625
3148,0.116875
3149,0.1225
3150,0.1178125
3151,0.1221875
3152,0.1175
3153,0.1228125
3154,0.1165625
3155,0.125
3156,0.110625
3157,0.1528125
3158,0.2121875
3159,0.1928125
3160,0.2053125
3161,0.1953125
3162,0.2040625
3163,0.19625
3164,0.20375
3165,0.19625
3166,0.2040625
3167,0.195625
3168,0.2046875
3169,0.194375
3170,0.2075
3171,0.188125
3172,0.2353125
3173,0.2896875
3174,0.275625
3175,0.2825
3176,0.2784375
3177,0.2809375
3178,0.2796875
3179,0.28
3180,0.2803125
3181,0.2796875
3182,0.280625
3183,0.2790625
3184,0.28125
3185,0.2784375
3186,0.281875
3187,0.2775
3188,0.2834375
3189,0.275
3190,0.289375
3191,0.2471875
3192,0.1878125
3193,0.2071875
3194,0.1946875
3195,0.2046875
3196,0.1953125
3197,0.205
3198,0.1934375
3199,0.210625
3200,0.16625
3201,0.1084375
3202,0.1265625
3203,0.1146875
3204,0.125
3205,0.1140625
3206,0.1296875
3207,0.0875
3208,0.0265625
3209,0.049375
3210,0.0303125
3211,0.0534375
3212,0.003125
3213,-0.0475
3214,-0.0390625
3215,-0.035
3216,-0.069375
3217,-0.135
3218,-0.1103125
3219,-0.1275
3220,-0.1134375
3221,-0.1259375
3222,-0.114375
3223,-0.1253125
3224,-0.1146875
3225,-0.1253125
3226,-0.114375
3227,-0.12625
3228,-0.1128125
3229,-0.12875
3230,-0.106875
3231,-0.1565625
3232,-0.2084375
3233,-0.196875
3234,-0.20125
3235,-0.1996875
3236,-0.1996875
3237,-0.2009375
3238,-0.19875
3239,-0.2015625
3240,-0.1984375
3241,-0.201875
3242,-0.1978125
3243,-0.2021875
3244,-0.1975
3245,-0.2025
3246,-0.1971875
3247,-0.2028125
3248,-0.196875
3249,-0.2034375
3250,-0.19625
3251,-0.2040625
3252,-0.195625
3253,-0.205
3254,-0.194375
3255,-0.206875
3256,-0.19125
3257,-0.213125
3258,-0.163125
3259,-0.1125
3260,-0.121875
3261,-0.1209375
3262,-0.1165625
3263,-0.1278125
3264,-0.0890625
3265,-0.0246875
3266,-0.054375
3267,-0.0040625
3268,0.05
3269,0.035625
3270,0.0396875
3271,0.063125
3272,0.14375
3273,0.09625
3274,0.1659375
3275,0.1984375
3276,0.2084375
3277,0.1846875
3278,0.2403125
3279,0.2825
3280,0.2853125
3281,0.2671875
3282,0.31875
3283,0.36375
3284,0.365
3285,0.3465625
3286,0.4009375
3287,0.4375
3288,0.474375
3289,0.5234375
3290,0.54625
3291,0.63
3292,0.748125
3293,0.878125
3294,0.9834375
3295,1.1221875
3296,1.219375
3297,1.36625
3298,1.455
3299,1.6115625
3300,1.6878125
3301,1.863125
3302,1.8928125
3303,2.013125
3304,2.0575
3305,2.1709375
3306,2.2184375
3307,2.3309375
3308,2.3771875
3309,2.494375
3310,2.5284375
3311,2.68875
3312,2.760625
3313,2.7921875
3314,2.8490625
3315,2.8403125
3316,2.81875
3317,2.7003125
3318,2.5025
3319,2.255625
3320,1.999375
3321,1.626875
3322,1.234375
3323,0.79625
3324,0.3359375
3325,-0.0646875
3326,-0.588125
3327,-1.00625
3328,-1.4259375
3329,-1.776875
3330,-2.1075
3331,-2.385625
3332,-2.63
3333,-2.83375
3334,-2.9925
3335,-3.1228125
3336,-3.193125
3337,-3.2571875
3338,-3.2071875
3339,-3.1275
3340,-3.026875
3341,-2.8175
3342,-2.5809375
3343,-2.31125
3344,-1.9759375
3345,-1.669375
3346,-1.31375
3347,-0.919375
3348,-0.665
3349,-0.379375
3350,-0.108125
3351,0.013125
3352,0.2078125
3353,0.291875
3354,0.27375
3355,0.2871875
3356,0.2540625
3357,0.159375
3358,0.0921875
3359,-0.0053125
3360,-0.04
3361,-0.06625
3362,-0.139375
3363,-0.101875
3364,-0.159375
3365,-0.206875
3366,-0.1971875
3367,-0.2025
3368,-0.1953125
3369,-0.2240625
3370,-0.321875
3371,-0.3878125
3372,-0.48125
3373,-0.546875
3374,-0.6434375
3375,-0.703125
3376,-0.8115625
3377,-0.8315625
3378,-0.8771875
3379,-0.92375
3380,-0.9278125
3381,-0.88375
3382,-0.838125
3383,-0.8103125
3384,-0.7525
3385,-0.735625
3386,-0.666875
3387,-0.661875
3388,-0.579375
3389,-0.591875
3390,-0.4834375
3391,-0.555625
3392,-0.46125
3393,-0.4578125
3394,-0.391875
3395,-0.3696875
3396,-0.31875
3397,-0.28375
3398,-0.2446875
3399,-0.1971875
3400,-0.1725
3401,-0.1053125
3402,-0.1278125
3403,-0.115625
3404,-0.1225
3405,-0.119375
3406,-0.1190625
3407,-0.1234375
3408,-0.1115625
3409,-0.1521875
3410,-0.2125
3411,-0.193125
3412,-0.2046875
3413,-0.1965625
3414,-0.2025
3415,-0.198125
3416,-0.20125
3417,-0.199375
3418,-0.2003125
3419,-0.2003125
3420,-0.19875
3421,-0.2021875
3422,-0.195625
3423,-0.2090625
3424,-0.1671875
3425,-0.1084375
3426,-0.125
3427,-0.120625
3428,-0.0959375
3429,-0.0178125
3430,-0.0615625
3431,0.003125
3432,0.041875
3433,0.044375
3434,0.0296875
3435,0.075
3436,0.1290625
3437,0.1178125
3438,0.1159375
3439,0.1484375
3440,0.21625
3441,0.18875
3442,0.2096875
3443,0.1903125
3444,0.2109375
3445,0.1846875
3446,0.23875
3447,0.2859375
3448,0.28
3449,0.27625
3450,0.2890625
3451,0.246875
3452,0.1884375
3453,0.2059375
3454,0.19625
3455,0.2025
3456,0.1984375
3457,0.2009375
3458,0.1996875
3459,0.1996875
3460,0.2009375
3461,0.198125
3462,0.2028125
3463,0.195
3464,0.2096875
3465,0.1665625
3466,0.10875
3467,0.1253125
3468,0.1175
3469,0.12
3470,0.125
3471,0.09125
3472,0.0240625
3473,0.0509375
3474,0.030625
3475,0.0490625
3476,0.0296875
3477,0.0540625
3478,0.0028125
3479,-0.048125
3480,-0.036875
3481,-0.04125
3482,-0.039375
3483,-0.04
3484,-0.0403125
3485,-0.0396875
3486,-0.040625
3487,-0.039375
3488,-0.040625
3489,-0.039375
3490,-0.040625
3491,-0.039375
3492,-0.0409375
3493,-0.0390625
3494,-0.0409375
3495,-0.0390625
3496,-0.0409375
3497,-0.0390625
3498,-0.0409375
3499,-0.0390625
3500,-0.0409375
3501,-0.0390625
3502,-0.0409375
3503,-0.0390625
3504,-0.0409375
3505,-0.0390625
3506,-0.0409375
3507,-0.0390625
3508,-0.0409375
3509,-0.0390625
3510,-0.0409375
3511,-0.0390625
3512,-0.0409375
3513,-0.0390625
3514,-0.04125
3515,-0.03875
3516,-0.04125
3517,-0.0384375
3518,-0.0415625
3519,-0.038125
3520,-0.0421875
3521,-0.0371875
3522,-0.0434375
3523,-0.0346875
3524,-0.0496875
3525,-0.0071875
3526,0.0521875
3527,0.0328125
3528,0.0453125
3529,0.0353125
3530,0.0446875
3531,0.0346875
3532,0.0465625
3533,0.029375
3534,0.0740625
3535,0.13125
3536,0.11375
3537,0.1246875
3538,0.1159375
3539,0.1240625
3540,0.1153125
3541,0.12625
3542,0.1096875
3543,0.1534375
3544,0.2115625
3545,0.1934375
3546,0.205
3547,0.1959375
3548,0.20375
3549,0.19625
3550,0.2040625
3551,0.195
3552,0.2065625
3553,0.1890625
3554,0.2340625
3555,0.2909375
3556,0.274375
3557,0.28375
3558,0.2771875
3559,0.2821875
3560,0.278125
3561,0.281875
3562,0.2784375
3563,0.2815625
3564,0.2784375
3565,0.2815625
3566,0.2784375
3567,0.281875
3568,0.2778125
3569,0.2825
3570,0.2765625
3571,0.285
3572,0.270625
3573,0.3128125
3574,0.3721875
3575,0.3528125
3576,0.3653125
3577,0.355625
3578,0.3640625
3579,0.3559375
3580,0.3640625
3581,0.3559375
3582,0.3646875
3583,0.354375
3584,0.3671875
3585,0.3484375
3586,0.395
3587,0.45
3588,0.4353125
3589,0.4425
3590,0.4384375
3591,0.4409375
3592,0.4396875
3593,0.44
3594,0.440625
3595,0.4390625
3596,0.4415625
3597,0.4378125
3598,0.443125
3599,0.435
3600,0.4496875
3601,0.406875
3602,0.348125
3603,0.3665625
3604,0.355625
3605,0.3634375
3606,0.3571875
3607,0.3621875
3608,0.358125
3609,0.3615625
3610,0.35875
3611,0.3609375
3612,0.359375
3613,0.3603125
3614,0.36
3615,0.359375
3616,0.3615625
3617,0.3565625
3618,0.3678125
3619,0.32875
3620,0.26625
3621,0.28875
3622,0.273125
3623,0.2859375
3624,0.274375
3625,0.285625
3626,0.2740625
3627,0.286875
3628,0.2715625
3629,0.2928125
3630,0.24375
3631,0.19125
3632,0.20375
3633,0.1984375
3634,0.200625
3635,0.2003125
3636,0.1990625
3637,0.2015625
3638,0.1978125
3639,0.203125
3640,0.195
3641,0.2096875
3642,0.166875
3643,0.108125
3644,0.1265625
3645,0.1153125
3646,0.12375
3647,0.116875
3648,0.1225
3649,0.1178125
3650,0.1221875
3651,0.118125
3652,0.121875
3653,0.118125
3654,0.121875
3655,0.118125
3656,0.121875
3657,0.118125
3658,0.121875
3659,0.118125
3660,0.1221875
3661,0.1178125
3662,0.1225
3663,0.1171875
3664,0.123125
3665,0.11625
3666,0.125
3667,0.1134375
3668,0.13125
3669,0.085
3670,0.0303125
3671,0.044375
3672,0.038125
3673,0.04
3674,0.0425
3675,0.0328125
3676,0.0709375
3677,0.1340625
3678,0.11125
3679,0.1265625
3680,0.114375
3681,0.1253125
3682,0.115
3683,0.125
3684,0.115
3685,0.1253125
3686,0.11375
3687,0.1278125
3688,0.1078125
3689,0.155625
3690,0.209375
3691,0.195625
3692,0.2025
3693,0.1984375
3694,0.2009375
3695,0.1996875
3696,0.2
3697,0.2
3698,0.1996875
3699,0.200625
3700,0.199375
3701,0.2009375
3702,0.19875
3703,0.2015625
3704,0.198125
3705,0.2021875
3706,0.1971875
3707,0.20375
3708,0.194375
3709,0.21
3710,0.1665625
3711,0.10875
3712,0.12625
3713,0.1159375
3714,0.123125
3715,0.1175
3716,0.121875
3717,0.1184375
3718,0.12125
3719,0.1190625
3720,0.120625
3721,0.1196875
3722,0.12
3723,0.1203125
3724,0.1190625
3725,0.121875
3726,0.11625
3727,0.128125
3728,0.0884375
3729,0.0265625
3730,0.0484375
3731,0.0334375
3732,0.045625
3733,0.0346875
3734,0.045
3735,0.035
3736,0.0453125
3737,0.034375
3738,0.04625
3739,0.031875
3740,0.0525
3741,0.0040625
3742,-0.0490625
3743,-0.0359375
3744,-0.0421875
3745,-0.0390625
3746,-0.0403125
3747,-0.04
3748,-0.0396875
3749,-0.040625
3750,-0.039375
3751,-0.0409375
3752,-0.03875
3753,-0.04125
3754,-0.0384375
3755,-0.041875
3756,-0.038125
3757,-0.0421875
3758,-0.0375
3759,-0.043125
3760,-0.03625
3761,-0.0446875
3762,-0.0334375
3763,-0.0509375
3764,-0.0053125
3765,0.0503125
3766,0.035
3767,0.0428125
3768,0.038125
3769,0.0409375
3770,0.0396875
3771,0.0396875
3772,0.04125
3773,0.0378125
3774,0.0440625
3775,0.0315625
3776,0.071875
3777,0.133125
3778,0.1115625
3779,0.126875
3780,0.1134375
3781,0.1275
3782,0.1084375
3783,0.154375
3784,0.2109375
3785,0.1940625
3786,0.2046875
3787,0.1959375
3788,0.2040625
3789,0.1953125
3790,0.20625
3791,0.189375
3792,0.2340625
3793,0.2909375
3794,0.2740625
3795,0.2840625
3796,0.2771875
3797,0.2821875
3798,0.278125
3799,0.2815625
3800,0.2784375
3801,0.28125
3802,0.27875
3803,0.28125
3804,0.2790625
3805,0.2809375
3806,0.2790625
3807,0.2809375
3808,0.27875
3809,0.28125
3810,0.2784375
3811,0.281875
3812,0.2775
3813,0.28375
3814,0.2721875
3815,0.310625
3816,0.3753125
3817,0.348125
3818,0.374375
3819,0.323125
3820,0.2715625
3821,0.28375
3822,0.278125
3823,0.28125
3824,0.279375
3825,0.2803125
3826,0.28
3827,0.2796875
3828,0.280625
3829,0.2790625
3830,0.28125
3831,0.278125
3832,0.2825
3833,0.2765625
3834,0.285
3835,0.2703125
3836,0.313125
3837,0.371875
3838,0.3534375
3839,0.3646875
3840,0.35625
3841,0.363125
3842,0.3575
3843,0.3621875
3844,0.358125
3845,0.361875
3846,0.3584375
3847,0.3615625
3848,0.3584375
3849,0.3615625
3850,0.35875
3851,0.36125
3852,0.35875
3853,0.36125
3854,0.35875
3855,0.36125
3856,0.35875
3857,0.36125
3858,0.35875
3859,0.3609375
3860,0.35875
3861,0.36125
3862,0.35875
3863,0.36125
3864,0.35875
3865,0.36125
3866,0.35875
3867,0.36125
3868,0.3584375
3869,0.3615625
3870,0.358125
3871,0.3621875
3872,0.3575
3873,0.3628125
3874,0.35625
3875,0.365625
3876,0.35
3877,0.3934375
3878,0.4515625
3879,0.43375
3880,0.444375
3881,0.4365625
3882,0.4428125
3883,0.4375
3884,0.4421875
3885,0.4378125
3886,0.4421875
3887,0.438125
3888,0.441875
3889,0.438125
3890,0.4421875
3891,0.4378125
3892,0.4421875
3893,0.4375
3894,0.4428125
3895,0.4365625
3896,0.444375
3897,0.43375
3898,0.450625
3899,0.4059375
3900,0.3490625
3901,0.3659375
3902,0.35625
3903,0.3628125
3904,0.3578125
3905,0.361875
3906,0.3584375
3907,0.3615625
3908,0.35875
3909,0.36125
3910,0.3590625
3911,0.3609375
3912,0.3590625
3913,0.3609375
3914,0.3590625
3915,0.3609375
3916,0.3590625
3917,0.3609375
3918,0.35875
3919,0.36125
3920,0.3584375
3921,0.361875
3922,0.3578125
3923,0.363125
3924,0.3553125
3925,0.3690625
3926,0.3278125
3927,0.2671875
3928,0.288125
3929,0.2734375
3930,0.2865625
3931,0.2721875
3932,0.2915625
3933,0.2453125
3934,0.189375
3935,0.2059375
3936,0.1953125
3937,0.2046875
3938,0.194375
3939,0.2096875
3940,0.1675
3941,0.1071875
3942,0.128125
3943,0.113125
3944,0.126875
3945,0.111875
3946,0.1321875
3947,0.0846875
3948,0.0303125
3949,0.0446875
3950,0.0371875
3951,0.041875
3952,0.03875
3953,0.0409375
3954,0.039375
3955,0.0403125
3956,0.0396875
3957,0.04
3958,0.04
3959,0.04
3960,0.0403125
3961,0.0396875
3962,0.0403125
3963,0.0396875
3964,0.0403125
3965,0.039375
3966,0.040625
3967,0.039375
3968,0.040625
3969,0.0390625
3970,0.0409375
3971,0.0390625
3972,0.0409375
3973,0.03875
3974,0.04125
3975,0.03875
3976,0.0415625
3977,0.0384375
3978,0.041875
3979,0.0378125
3980,0.0425
3981,0.0371875
3982,0.0434375
3983,0.035625
3984,0.04625
3985,0.0290625
3986,0.074375
3987,0.130625
3988,0.1146875
3989,0.123125
3990,0.1178125
3991,0.12125
3992,0.119375
3993,0.1203125
3994,0.12
3995,0.119375
3996,0.1209375
3997,0.1184375
3998,0.1225
3999,0.1165625
4000,0.125625
4001,0.11
4002,0.1540625
4003,0.210625
4004,0.195
4005,0.201875
4006,0.200625
4007,0.194375
4008,0.2296875
4009,0.2953125
4010,0.27
4011,0.288125
4012,0.2728125
4013,0.286875
4014,0.273125
4015,0.2875
4016,0.27125
4017,0.293125
4018,0.24375
4019,0.19125
4020,0.20375
4021,0.198125
4022,0.2009375
4023,0.1996875
4024,0.2
4025,0.2003125
4026,0.199375
4027,0.2009375
4028,0.1990625
4029,0.20125
4030,0.19875
4031,0.2015625
4032,0.198125
4033,0.2021875
4034,0.1971875
4035,0.20375
4036,0.194375
4037,0.21
4038,0.1665625
4039,0.1084375
4040,0.12625
4041,0.115625
4042,0.1234375
4043,0.1171875
4044,0.1225
4045,0.1178125
4046,0.121875
4047,0.118125
4048,0.1215625
4049,0.1184375
4050,0.1215625
4051,0.1184375
4052,0.1215625
4053,0.1184375
4054,0.1215625
4055,0.1184375
4056,0.1215625
4057,0.1184375
4058,0.1215625
4059,0.1184375
4060,0.1215625
4061,0.1184375
4062,0.121875
4063,0.118125
4064,0.121875
4065,0.1178125
4066,0.1221875
4067,0.1175
4068,0.1228125
4069,0.116875
4070,0.1234375
4071,0.1159375
4072,0.1253125
4073,0.113125
4074,0.1315625
4075,0.085
4076,0.0303125
4077,0.044375
4078,0.0378125
4079,0.0409375
4080,0.04
4081,0.039375
4082,0.04125
4083,0.0378125
4084,0.0434375
4085,0.0346875
4086,0.05
4087,0.00625
4088,-0.0509375
4089,-0.034375
4090,-0.0434375
4091,-0.038125
4092,-0.0409375
4093,-0.04
4094,-0.0384375
4095,-0.0434375
4096,-0.031875
4097,-0.071875
4098,-0.1328125
4099,-0.1125
4100,-0.125625
4101,-0.115625
4102,-0.12375
4103,-0.116875
4104,-0.1228125
4105,-0.1175
4106,-0.1221875
4107,-0.118125
4108,-0.1215625
4109,-0.1184375
4110,-0.12125
4111,-0.1190625
4112,-0.120625
4113,-0.12
4114,-0.119375
4115,-0.1215625
4116,-0.1165625
4117,-0.1278125
4118,-0.08875
4119,-0.02625
4120,-0.0484375
4121,-0.0334375
4122,-0.045625
4123,-0.035
4124,-0.0446875
4125,-0.035625
4126,-0.044375
4127,-0.035625
4128,-0.044375
4129,-0.035625
4130,-0.0446875
4131,-0.0346875
4132,-0.04625
4133,-0.0321875
4134,-0.0521875
4135,-0.004375
4136,0.049375
4137,0.035625
4138,0.0421875
4139,0.03875
4140,0.040625
4141,0.0396875
4142,0.04
4143,0.04
4144,0.0396875
4145,0.0403125
4146,0.039375
4147,0.040625
4148,0.039375
4149,0.040625
4150,0.0390625
4151,0.0409375
4152,0.0390625
4153,0.0409375
4154,0.0390625
4155,0.0409375
4156,0.03875
4157,0.04125
4158,0.03875
4159,0.04125
4160,0.0384375
4161,0.0415625
4162,0.0384375
4163,0.041875
4164,0.0378125
4165,0.0421875
4166,0.0371875
4167,0.043125
4168,0.0359375
4169,0.0459375
4170,0.0296875
4171,0.07375
4172,0.1309375
4173,0.1140625
4174,0.1240625
4175,0.116875
4176,0.1225
4177,0.118125
4178,0.121875
4179,0.1184375
4180,0.1215625
4181,0.11875
4182,0.12125
4183,0.11875
4184,0.12125
4185,0.11875
4186,0.12125
4187,0.11875
4188,0.1215625
4189,0.1184375
4190,0.121875
4191,0.1178125
4192,0.1228125
4193,0.11625
4194,0.1253125
4195,0.1103125
4196,0.1534375
4197,0.2115625
4198,0.1934375
4199,0.2046875
4200,0.1965625
4201,0.2028125
4202,0.1975
4203,0.2021875
4204,0.1978125
4205,0.201875
4206,0.198125
4207,0.201875
4208,0.1984375
4209,0.2015625
4210,0.1984375
4211,0.2015625
4212,0.1984375
4213,0.2015625
4214,0.1984375
4215,0.2015625
4216,0.1984375
4217,0.201875
4218,0.198125
4219,0.201875
4220,0.1978125
4221,0.2021875
4222,0.1975
4223,0.2025
4224,0.196875
4225,0.20375
4226,0.1953125
4227,0.20625
4228,0.189375
4229,0.2340625
4230,0.290625
4231,0.274375
4232,0.28375
4233,0.2775
4234,0.281875
4235,0.2784375
4236,0.28125
4237,0.2790625
4238,0.2809375
4239,0.279375
4240,0.280625
4241,0.279375
4242,0.280625
4243,0.2796875
4244,0.2803125
4245,0.2796875
4246,0.2803125
4247,0.2796875
4248,0.2803125
4249,0.2796875
4250,0.2803125
4251,0.2796875
4252,0.28
4253,0.28
4254,0.28
4255,0.28
4256,0.28
4257,0.28
4258,0.28
4259,0.28
4260,0.28
4261,0.28
4262,0.28
4263,0.28
4264,0.28
4265,0.28
4266,0.28
4267,0.28
4268,0.28
4269,0.28
4270,0.28
4271,0.28
4272,0.28
4273,0.28
4274,0.28
4275,0.28
4276,0.28
4277,0.28
4278,0.28
4279,0.28
4280,0.28
4281,0.28
4282,0.28
4283,0.28
4284,0.28
4285,0.28
4286,0.28
4287,0.28
4288,0.28
4289,0.28
4290,0.28
4291,0.28
4292,0.28
4293,0.28
4294,0.28
4295,0.28
4296,0.28
4297,0.28
4298,0.28
4299,0.28
4300,0.28
4301,0.28
4302,0.2803125
4303,0.2796875
4304,0.2803125
4305,0.2796875
4306,0.2803125
4307,0.2796875
4308,0.2803125
4309,0.279375
4310,0.280625
4311,0.279375
4312,0.2809375
4313,0.2790625
4314,0.28125
4315,0.278125
4316,0.2821875
4317,0.276875
4318,0.285
4319,0.270625
4320,0.3128125
4321,0.3721875
4322,0.353125
4323,0.365
4324,0.3559375
4325,0.3634375
4326,0.356875
4327,0.3628125
4328,0.3571875
4329,0.3625
4330,0.3575
4331,0.3625
4332,0.3575
4333,0.3625
4334,0.3575
4335,0.3628125
4336,0.3571875
4337,0.363125
4338,0.3565625
4339,0.3640625
4340,0.355
4341,0.366875
4342,0.34875
4343,0.3946875
4344,0.45
4345,0.435
4346,0.4428125
4347,0.4384375
4348,0.4409375
4349,0.4396875
4350,0.4396875
4351,0.4409375
4352,0.438125
4353,0.44375
4354,0.431875
4355,0.4715625
4356,0.53375
4357,0.51125
4358,0.5275
4359,0.5128125
4360,0.5284375
4361,0.5075
4362,0.555625
4363,0.6096875
4364,0.5953125
4365,0.6028125
4366,0.598125
4367,0.60125
4368,0.5990625
4369,0.6009375
4370,0.599375
4371,0.600625
4372,0.599375
4373,0.6003125
4374,0.5996875
4375,0.6003125
4376,0.5996875
4377,0.6003125
4378,0.5996875
4379,0.6003125
4380,0.5996875
4381,0.6003125
4382,0.6
4383,0.6
4384,0.6
4385,0.6
4386,0.6
4387,0.6
4388,0.6
4389,0.6
4390,0.6
4391,0.6
4392,0.6
4393,0.6
4394,0.6003125
4395,0.5996875
4396,0.6003125
4397,0.5996875
4398,0.6003125
4399,0.599375
4400,0.600625
4401,0.5990625
4402,0.6009375
4403,0.59875
4404,0.601875
4405,0.5978125
4406,0.603125
4407,0.595
4408,0.609375
4409,0.5671875
4410,0.5078125
4411,0.526875
4412,0.515
4413,0.5240625
4414,0.5165625
4415,0.5228125
4416,0.5175
4417,0.5225
4418,0.5178125
4419,0.5221875
4420,0.5178125
4421,0.521875
4422,0.518125
4423,0.521875
4424,0.518125
4425,0.521875
4426,0.518125
4427,0.521875
4428,0.518125
4429,0.521875
4430,0.518125
4431,0.521875
4432,0.518125
4433,0.521875
4434,0.518125
4435,0.521875
4436,0.518125
4437,0.521875
4438,0.518125
4439,0.5221875
4440,0.5178125
4441,0.5221875
4442,0.5178125
4443,0.5225
4444,0.5175
4445,0.5228125
4446,0.516875
4447,0.5234375
4448,0.5159375
4449,0.525
4450,0.513125
4451,0.53125
4452,0.4853125
4453,0.43
4454,0.445
4455,0.4371875
4456,0.441875
4457,0.43875
4458,0.440625
4459,0.4396875
4460,0.4403125
4461,0.44
4462,0.4396875
4463,0.4403125
4464,0.439375
4465,0.440625
4466,0.4390625
4467,0.4409375
4468,0.43875
4469,0.44125
4470,0.4384375
4471,0.441875
4472,0.4378125
4473,0.4425
4474,0.436875
4475,0.4440625
4476,0.4340625
4477,0.4503125
4478,0.40625
4479,0.3490625
4480,0.3659375
4481,0.35625
4482,0.3628125
4483,0.3578125
4484,0.3615625
4485,0.35875
4486,0.36125
4487,0.3590625
4488,0.3609375
4489,0.359375
4490,0.360625
4491,0.3596875
4492,0.3603125
4493,0.3596875
4494,0.3603125
4495,0.36
4496,0.36
4497,0.36
4498,0.36
4499,0.36
4500,0.36
4501,0.3603125
4502,0.3596875
4503,0.3603125
4504,0.3596875
4505,0.3603125
4506,0.3596875
4507,0.360625
4508,0.359375
4509,0.360625
4510,0.359375
4511,0.360625
4512,0.3590625
4513,0.3609375
4514,0.3590625
4515,0.3609375
4516,0.35875
4517,0.36125
4518,0.35875
4519,0.3615625
4520,0.358125
4521,0.361875
4522,0.3578125
4523,0.3628125
4524,0.3565625
4525,0.364375
4526,0.35375
4527,0.370625
4528,0.3259375
4529,0.269375
4530,0.2853125
4531,0.2765625
4532,0.2821875
4533,0.27875
4534,0.280625
4535,0.2803125
4536,0.27875
4537,0.283125
4538,0.2725
4539,0.310625
4540,0.374375
4541,0.3503125
4542,0.36875
4543,0.350625
4544,0.373125
4545,0.3240625
4546,0.2709375
4547,0.284375
4548,0.2775
4549,0.2815625
4550,0.27875
4551,0.2809375
4552,0.279375
4553,0.280625
4554,0.279375
4555,0.280625
4556,0.279375
4557,0.280625
4558,0.2796875
4559,0.280625
4560,0.279375
4561,0.280625
4562,0.279375
4563,0.280625
4564,0.279375
4565,0.280625
4566,0.279375
4567,0.280625
4568,0.279375
4569,0.280625
4570,0.279375
4571,0.2809375
4572,0.2790625
4573,0.2809375
4574,0.2790625
4575,0.2809375
4576,0.27875
4577,0.28125
4578,0.27875
4579,0.2815625
4580,0.2784375
4581,0.281875
4582,0.2778125
4583,0.2825
4584,0.276875
4585,0.2840625
4586,0.2740625
4587,0.2903125
4588,0.2459375
4589,0.1890625
4590,0.205625
4591,0.19625
4592,0.2028125
4593,0.1978125
4594,0.2015625
4595,0.19875
4596,0.2009375
4597,0.1990625
4598,0.200625
4599,0.199375
4600,0.2003125
4601,0.1996875
4602,0.2003125
4603,0.2
4604,0.2
4605,0.2
4606,0.1996875
4607,0.2003125
4608,0.1996875
4609,0.200625
4610,0.199375
4611,0.200625
4612,0.1990625
4613,0.2009375
4614,0.19875
4615,0.2015625
4616,0.198125
4617,0.2021875
4618,0.1971875
4619,0.20375
4620,0.194375
4621,0.21
4622,0.1665625
4623,0.10875
4624,0.12625
4625,0.1159375
4626,0.123125
4627,0.1175
4628,0.121875
4629,0.1184375
4630,0.12125
4631,0.11875
4632,0.1209375
4633,0.1190625
4634,0.120625
4635,0.119375
4636,0.1203125
4637,0.1196875
4638,0.1203125
4639,0.12
4640,0.12
4641,0.1203125
4642,0.1196875
4643,0.120625
4644,0.119375
4645,0.1209375
4646,0.11875
4647,0.121875
4648,0.1175
4649,0.1234375
4650,0.1146875
4651,0.1296875
4652,0.086875
4653,0.028125
4654,0.0465625
4655,0.0353125
4656,0.0434375
4657,0.0371875
4658,0.0425
4659,0.0378125
4660,0.041875
4661,0.0384375
4662,0.04125
4663,0.03875
4664,0.0409375
4665,0.0390625
4666,0.040625
4667,0.039375
4668,0.0403125
4669,0.0396875
4670,0.04
4671,0.0403125
4672,0.039375
4673,0.0409375
4674,0.0384375
4675,0.0425
4676,0.035625
4677,0.04875
4678,0.0078125
4679,-0.0528125
4680,-0.0325
4681,-0.045625
4682,-0.0353125
4683,-0.0440625
4684,-0.03625
4685,-0.0434375
4686,-0.0365625
4687,-0.0434375
4688,-0.0365625
4689,-0.0434375
4690,-0.0365625
4691,-0.04375
4692,-0.035625
4693,-0.0453125
4694,-0.033125
4695,-0.05125
4696,-0.0053125
4697,0.0503125
4698,0.035
4699,0.043125
4700,0.0378125
4701,0.0415625
4702,0.03875
4703,0.0409375
4704,0.0390625
4705,0.0409375
4706,0.039375
4707,0.040625
4708,0.039375
4709,0.040625
4710,0.039375
4711,0.040625
4712,0.039375
4713,0.040625
4714,0.039375
4715,0.040625
4716,0.039375
4717,0.040625
4718,0.039375
4719,0.0409375
4720,0.0390625
4721,0.0409375
4722,0.03875
4723,0.0415625
4724,0.0384375
4725,0.041875
4726,0.0375
4727,0.043125
4728,0.0359375
4729,0.0459375
4730,0.0296875
4731,0.07375
4732,0.1309375
4733,0.114375
4734,0.12375
4735,0.1175
4736,0.1215625
4737,0.1190625
4738,0.1203125
4739,0.120625
4740,0.1184375
4741,0.1234375
4742,0.1121875
4743,0.1515625
4744,0.2134375
4745,0.191875
4746,0.2059375
4747,0.195
4748,0.204375
4749,0.1959375
4750,0.20375
4751,0.1965625
4752,0.2034375
4753,0.1965625
4754,0.203125
4755,0.196875
4756,0.203125
4757,0.196875
4758,0.2034375
4759,0.1965625
4760,0.20375
4761,0.1959375
4762,0.2046875
4763,0.194375
4764,0.2071875
4765,0.1884375
4766,0.235
4767,0.29
4768,0.2753125
4769,0.2828125
4770,0.278125
4771,0.28125
4772,0.2790625
4773,0.280625
4774,0.2796875
4775,0.2803125
4776,0.28
4777,0.28
4778,0.28
4779,0.2796875
4780,0.2803125
4781,0.2796875
4782,0.2803125
4783,0.2796875
4784,0.2803125
4785,0.2796875
4786,0.2803125
4787,0.2796875
4788,0.280625
4789,0.279375
4790,0.280625
4791,0.279375
4792,0.280625
4793,0.279375
4794,0.280625
4795,0.279375
4796,0.280625
4797,0.279375
4798,0.280625
4799,0.279375
4800,0.280625
4801,0.279375
4802,0.280625
4803,0.279375
4804,0.280625
4805,0.279375
4806,0.2803125
4807,0.2796875
4808,0.2803125
4809,0.2796875
4810,0.2803125
4811,0.28
4812,0.28
4813,0.2803125
4814,0.2796875
4815,0.2809375
4816,0.278125
4817,0.2834375
4818,0.2725
4819,0.3109375
4820,0.374375
4821,0.3503125
4822,0.3684375
4823,0.3515625
4824,0.3696875
4825,0.34625
4826,0.396875
4827,0.448125
4828,0.436875
4829,0.4409375
4830,0.44
4831,0.439375
4832,0.44125
4833,0.438125
4834,0.4428125
4835,0.43625
4836,0.445625
4837,0.43
4838,0.47375
4839,0.53125
4840,0.5140625
4841,0.5240625
4842,0.5171875
4843,0.5221875
4844,0.518125
4845,0.5215625
4846,0.51875
4847,0.5209375
4848,0.5190625
4849,0.5209375
4850,0.519375
4851,0.520625
4852,0.519375
4853,0.520625
4854,0.5196875
4855,0.5203125
4856,0.5196875
4857,0.5203125
4858,0.5196875
4859,0.5203125
4860,0.52
4861,0.52
4862,0.52
4863,0.52
4864,0.52
4865,0.52
4866,0.52
4867,0.52
4868,0.52
4869,0.52
4870,0.52
4871,0.52
4872,0.52
4873,0.52
4874,0.5203125
4875,0.5196875
4876,0.5203125
4877,0.5196875
4878,0.5203125
4879,0.5196875
4880,0.5203125
4881,0.5196875
4882,0.5203125
4883,0.5196875
4884,0.5203125
4885,0.5196875
4886,0.5203125
4887,0.519375
4888,0.520625
4889,0.519375
4890,0.520625
4891,0.519375
4892,0.520625
4893,0.5190625
4894,0.5209375
4895,0.5190625
4896,0.52125
4897,0.51875
4898,0.5215625
4899,0.518125
4900,0.5221875
4901,0.5171875
4902,0.52375
4903,0.5146875
4904,0.5296875
4905,0.486875
4906,0.4284375
4907,0.4465625
4908,0.4353125
4909,0.44375
4910,0.436875
4911,0.4428125
4912,0.4375
4913,0.4421875
4914,0.4378125
4915,0.4421875
4916,0.4378125
4917,0.4421875
4918,0.4378125
4919,0.4425
4920,0.4375
4921,0.443125
4922,0.4365625
4923,0.444375
4924,0.43375
4925,0.450625
4926,0.4059375
4927,0.3490625
4928,0.3659375
4929,0.35625
4930,0.3628125
4931,0.3578125
4932,0.361875
4933,0.3584375
4934,0.3615625
4935,0.35875
4936,0.36125
4937,0.3590625
4938,0.3609375
4939,0.3590625
4940,0.3609375
4941,0.3590625
4942,0.360625
4943,0.359375
4944,0.360625
4945,0.359375
4946,0.360625
4947,0.359375
4948,0.360625
4949,0.359375
4950,0.360625
4951,0.359375
4952,0.360625
4953,0.359375
4954,0.360625
4955,0.359375
4956,0.360625
4957,0.359375
4958,0.360625
4959,0.359375
4960,0.360625
4961,0.359375
4962,0.360625
4963,0.359375
4964,0.360625
4965,0.359375
4966,0.360625
4967,0.359375
4968,0.360625
4969,0.359375
4970,0.360625
4971,0.359375
4972,0.360625
4973,0.359375
4974,0.360625
4975,0.359375
4976,0.360625
4977,0.359375
4978,0.360625
4979,0.359375
4980,0.360625
4981,0.359375
4982,0.360625
4983,0.359375
4984,0.360625
4985,0.359375
4986,0.360625
4987,0.359375
4988,0.360625
4989,0.359375
4990,0.360625
4991,0.359375
4992,0.360625
4993,0.359375
4994,0.360625
4995,0.359375
4996,0.360625
4997,0.359375
4998,0.360625
4999,0.359375
