,LINEOUT AVG,LINEOUT STD
0,6980.172444541551,267.1377321045926
1,9740.801613199279,323.8461779937092
2,11139.694926840057,308.21560931404747
3,11530.673634079863,320.46970238115455
4,11625.266152887845,338.20873884462867
5,11661.016662502698,320.58377556914945
6,11681.865889543036,320.4781645217091
7,11695.96905026561,318.0840456173552
8,11790.965730261354,324.3720196945363
9,11786.207411708023,328.83808425056475
10,11911.336079552517,371.6886536196788
11,11880.271884625821,315.3291528907312
12,11962.621184586855,309.1397815607258
13,11914.522785585285,327.73452666165053
14,11991.320412769695,318.6812164923883
15,12022.181317230928,317.90900605855927
16,12039.158630168758,324.8993546253987
17,12040.661182951975,320.57240344379045
18,12141.317358028671,316.5579915501694
19,12139.481863816309,327.7563704152356
20,12118.515827143434,330.49100744685035
21,12175.07494811742,340.5584706454754
22,12135.581939382924,317.0124323272443
23,12257.772550916783,334.43597549891166
24,12384.15150394031,335.2696648319422
25,12457.92619291897,361.68336750802723
26,12461.02702714966,335.02421715468745
27,12444.621516564608,345.73198128362645
28,12504.564525219615,323.27022879161996
29,12492.193575038356,323.33224057713755
30,12597.950211586412,318.2692770473481
31,12590.127221195018,352.0849812847183
32,12620.442638639654,357.22630355846985
33,12670.434960468308,355.5345187399022
34,12748.79290668506,318.05430470829697
35,12732.452392989966,332.64602224124803
36,12917.003915449892,349.94093937383167
37,12893.2518617263,335.29445360142824
38,12891.10636574429,337.22925217956947
39,12925.989765617393,318.86683539599045
40,12919.158239583247,323.4458265771576
41,12944.492305729787,331.55953129057417
42,13106.300392157655,331.3131390270161
43,13130.96370332148,330.3146532939244
44,13147.538531267113,351.03408601715574
45,13159.960238288564,331.4245017649523
46,13133.94197287099,329.8664072007164
47,13255.905337796254,336.05654718067734
48,13253.429047950214,328.23797452754746
49,13369.050588360073,317.99364740016705
50,13440.793035030632,347.5863341949151
51,13448.48820932168,326.5574734792016
52,13404.090336579626,336.05554389585205
53,13533.040723815328,336.33037874785833
54,13512.967815088783,361.1437446863526
55,13564.121805565175,341.194432591675
56,13557.85344773302,348.73181922709875
57,13602.489467811134,339.26639440748477
58,13711.985982540937,346.1097387274069
59,13777.31233120149,328.93044769820415
60,13828.35704284025,349.3755576620372
61,13815.469051101254,333.0959372178039
62,13959.448889895817,332.4323181140524
63,13920.117164131983,348.89103593377484
64,14056.629482181961,331.7101773689997
65,13964.107089516978,346.8798188882177
66,14116.504121623357,357.6330571442335
67,14104.094221365796,336.5605871313851
68,14145.092104160241,347.59757638997246
69,14253.93209039376,342.25228657456324
70,14261.659446807076,343.30010521559547
71,14257.529789420985,325.20640373257044
72,14288.430452317705,348.04059016226125
73,14299.100719307504,363.76612448792827
74,14382.152074855963,353.4511414912118
75,14399.352338661116,350.35360526976365
76,14527.522754609541,360.4602039793213
77,14504.868085163005,334.59919277146923
78,14605.248196494178,339.2617541161041
79,14678.176268968255,350.4046959846919
80,14625.266306542035,374.115827916144
81,14556.985370506894,353.40770025330323
82,14503.702231229365,344.32726329275255
83,14519.141712348259,356.9579772908739
84,14487.710689214102,351.1743797846921
85,14415.631330704562,338.5439689347023
86,14438.840458138726,350.86503798358234
87,14467.774634041714,334.25396307668314
88,14460.542419236037,336.331646441349
89,14630.052227781409,340.89127957703556
90,14735.355166696383,351.6904377118123
91,14856.412944712305,338.033122504989
92,14910.949542917006,347.6792076471955
93,15079.064471934244,338.5088010172703
94,15231.300323093481,351.4113070856552
95,15359.16701652736,352.4792285640118
96,15416.928236758655,364.1962528851312
97,15540.97945464723,357.1619535051639
98,15513.576848074728,370.0384265960308
99,15603.34622684523,348.2898360742099
100,15638.329224030716,367.6798039328561
101,15676.039861002579,359.74075732858
102,15837.194121460092,360.9122056887415
103,15921.304570912804,357.29177417014665
104,16023.41517219282,368.5606493853517
105,16061.363977290854,359.1786917407858
106,16138.842303866406,360.1231029015178
107,16166.287832541688,365.4882266132095
108,16184.01585830478,363.0560981472465
109,16264.659319009997,359.73281754837626
110,16265.236324016825,361.193963415579
111,16383.811689641298,372.8158406734843
112,16504.15649124988,357.8050377462837
113,16535.754813612977,371.57031429593604
114,16500.11591486091,384.27392100568215
115,16687.263013760756,353.91965831369396
116,16706.703036006984,369.71320772108993
117,16777.10264419266,360.0521852478882
118,16840.676567713646,374.2636355809751
119,16917.191287884707,371.203742372149
120,16947.749619209404,359.86352811722645
121,17048.81620600995,388.44818047842557
122,17068.374654456056,358.2361754103912
123,17171.845055334565,359.0351245843625
124,17287.372816068313,378.6937753013639
125,17277.70214002548,364.87862503696437
126,17370.47604835104,378.436489914167
127,17412.027649160675,370.14378719286316
128,17486.163013726353,383.10807211674694
129,17525.943608418474,391.71583995911607
130,17725.795791980094,381.04675864577723
131,17723.028097690134,375.6185769473251
132,17782.72449862771,387.98188469515856
133,17878.885678496245,368.33456762613537
134,17881.314989822047,391.3256406237067
135,17914.21313460433,366.0694427558772
136,18128.368271695203,376.47273000018447
137,18114.8001063758,391.92647564031336
138,18270.640054653377,370.13774937981714
139,18287.664254897434,371.8006393960934
140,18320.88593100961,381.5919816392022
141,18412.483178427825,378.928570096215
142,18471.81821117168,405.67698293684947
143,18512.826420763748,367.8985123205498
144,18644.887241192242,346.4908556212481
145,18602.176289415092,378.5448782061714
146,18717.237582605976,394.9243073841506
147,18819.60632269278,376.4969710086887
148,18893.78626272561,378.15285775666206
149,18890.977188885598,392.56432861293945
150,18995.996947840005,368.85352105561464
151,19126.606452224452,443.96365654143176
152,18921.54997093964,380.8684190372972
153,18943.562093798922,385.81835402712824
154,18970.336454612734,406.1533244027689
155,18863.680837779975,357.88289910938533
156,18821.31856081255,382.1427903149185
157,18825.682755145906,374.90346650020814
158,18846.440376829352,386.21257162327186
159,18934.164116391727,376.35439450734196
160,19005.718951557577,373.34864424975393
161,19190.221433954026,381.986310307726
162,19396.6888122057,394.50100422866376
163,19577.12637604755,381.47386513580705
164,19629.21678366304,396.782885580541
165,19747.19588001901,383.4078468379232
166,19932.314893168746,381.2481466946066
167,20113.59860314655,400.0929893056794
168,20227.79903918105,379.66816519805116
169,20314.83979100378,377.3995935880011
170,20324.404755732634,408.4256032141587
171,20414.94806358784,421.3462724759419
172,20483.76577453085,402.4823110577674
173,20589.669316878884,436.8160750805176
174,20623.461155824185,407.7461489396416
175,20641.01781177283,387.14562321788975
176,20733.012303992262,391.81544139159513
177,20782.62507703723,404.59480207547443
178,20855.884073831945,388.996747815446
179,21011.488112744682,400.3670738184734
180,21017.251983743765,416.3768712505926
181,21113.518193407177,419.1361387451927
182,21318.840129157474,396.4144438894374
183,21286.432874483773,383.98053102771985
184,21383.511416723206,406.9560761015453
185,21432.67516020214,381.61291464829384
186,21467.21925314585,396.11624425008665
187,21595.760471621506,398.8616340719715
188,21716.302319848717,394.8783800558346
189,21748.601393559937,403.62765424996667
190,21822.091881610206,404.8114245630201
191,22021.334016157376,415.4516419183207
192,21997.957881016813,421.7341715243986
193,22145.04808240156,409.95120875300995
194,22228.196956067964,422.0620768577413
195,22189.620419351322,410.41436457140287
196,22406.49004108973,415.78520054766835
197,22510.982758241244,415.585886752306
198,22534.623880311832,418.7463401268065
199,22655.98468434555,403.64684373725174
200,22783.172105175614,449.8079669075913
201,22827.876475453377,425.57963785544524
202,22807.052410166583,412.9512585608804
203,22931.84818812872,407.5689630447956
204,23197.709682030767,409.1697041711464
205,23172.002407808934,407.01048541500626
206,23208.305964537296,412.87807817516443
207,23314.578699114867,406.81760450392056
208,23410.704610126162,399.102669354356
209,23531.54247553035,434.50517935537016
210,23511.882500491563,418.11957673735003
211,23599.58662089931,418.39125888983085
212,23668.332363741843,411.5139781995828
213,23847.874749649764,420.25097569269434
214,23926.967566779884,416.099554439585
215,23952.010677799597,433.6897496864147
216,24007.45991800522,435.4796143707511
217,24119.266712577617,424.22694493035425
218,24277.74067420379,431.2010618491352
219,24356.604223865146,435.02661645025125
220,24294.038516198965,444.06499708715825
221,24397.748979633736,434.18796234753955
222,24474.45416380383,419.8582293632388
223,24751.023791679785,493.20359582271334
224,24562.9992729637,455.9495363830159
225,24734.873792774077,426.99331600163373
226,24839.82034609366,431.0228462527672
227,25037.342995968476,456.1983273883189
228,25064.420287324767,424.6275230418311
229,25093.185407574423,416.32945000789744
230,25152.863272916726,411.1529425707856
231,25206.19733815704,443.5920315462792
232,25307.983360647027,439.3842054390605
233,25396.540318646745,431.48021633331894
234,25468.234079130725,443.97471350646595
235,25574.361509334496,421.66954878718167
236,25638.266900853967,439.7054900192714
237,25680.629094151245,431.1249293722715
238,25757.528199589,436.30391569408994
239,25878.65582762691,450.836969605676
240,25881.557779688617,437.39846031961497
241,26008.143424829734,447.11501819294034
242,26053.28547041324,461.3368096582049
243,26213.51473363721,448.9226630324563
244,26177.229464114687,437.00182808684565
245,26330.249948510827,432.26953462972074
246,26299.866731435468,454.993085080973
247,26373.11443950787,437.94047988697065
248,26526.55432096518,438.3904290728367
249,26605.934151495236,420.9466482800431
250,26579.03493922523,436.2645235064254
251,26683.281220186112,475.49582365618113
252,26370.68367454873,457.61989058813236
253,26407.155834041027,437.2861771908089
254,26136.12337828496,459.57854540233456
255,25881.261237281808,442.9381003409413
256,25803.361948048285,443.742727544623
257,25945.908886593217,434.25243489447774
258,26001.81853214703,569.8605975843426
259,26048.481335416145,449.19530859044727
260,26205.917133040035,443.15234449187005
261,26483.58516838585,457.16315860455654
262,26961.543080638912,453.2225899439805
263,27849.149119713977,479.11099303053794
264,27882.649437913806,488.34452308672763
265,27778.92275934063,451.4035431848376
266,27942.519670084577,449.9389689294702
267,28011.39770523146,429.49327704335894
268,28120.066163685922,464.03620797549706
269,28172.653988672744,474.79903702981017
270,28254.319801024947,474.4235080586392
271,28325.19076549878,463.07696424636714
272,28370.592890598506,452.8329092515581
273,28339.7504251204,457.66739325722386
274,28688.491252606913,463.81975736923584
275,28603.553581300348,477.91464392001245
276,28694.885894657433,480.8269735921983
277,28865.64346194562,463.40412968596087
278,28869.413688639608,474.68978934928134
279,28966.120498109995,469.87567299462705
280,29051.46093719988,463.7964247318642
281,29280.665585881587,483.36936001135234
282,29292.29541319522,474.19665196967736
283,29408.117107670296,464.12010677991947
284,29478.772371293428,446.1476349240224
285,29596.57439408789,474.7511818498233
286,29714.874422463945,468.39272547153627
287,29528.130684832096,460.3101533343307
288,29740.990231422456,462.0144192987904
289,29847.55572917698,495.8254171702902
290,29921.86968416776,457.5683065909368
291,29959.573225181943,475.41386861121197
292,29821.98536863242,476.5770965798928
293,29792.35913983951,465.6423100151275
294,29832.13050707173,478.68771284923986
295,29800.99193485171,455.7845331728423
296,29693.36407217784,488.25183177920485
297,29849.602083902424,454.30437377601294
298,29574.533744805765,473.9327720988655
299,28349.74550471976,472.31508487736176
