Time,Ampl
-2.5037e-07,-0.00026
-2.4997e-07,-4e-05
-2.4957e-07,-0.00022
-2.4917e-07,-0.00026
-2.4877e-07,-0.00036
-2.4837e-07,2e-05
-2.4797e-07,-0.00012
-2.4757e-07,2e-05
-2.4717e-07,-0.00044
-2.4677e-07,-0.00042
-2.4637e-07,2e-05
-2.4597e-07,0
-2.4557e-07,-0.00028
-2.4517e-07,-2e-05
-2.4477e-07,-0.0003
-2.4437e-07,-0.00018
-2.4397e-07,-0.0001
-2.4357e-07,-0.00022
-2.4317e-07,-6e-05
-2.4277e-07,-2e-05
-2.4237e-07,-0.0003
-2.4197e-07,-4e-05
-2.4157e-07,-0.00038
-2.4117e-07,-6e-05
-2.4077e-07,-2e-05
-2.4037e-07,-0.00016
-2.3997e-07,-8e-05
-2.3957e-07,-0.00032
-2.3917e-07,0.00016
-2.3877e-07,-0.0002
-2.3837e-07,-0.00018
-2.3797e-07,8e-05
-2.3757e-07,-0.00032
-2.3717e-07,-0.00012
-2.3677e-07,2e-05
-2.3637e-07,-0.00032
-2.3597e-07,-8e-05
-2.3557e-07,-0.0001
-2.3517e-07,-4e-05
-2.3477e-07,-0.00012
-2.3437e-07,-0.00016
-2.3397e-07,-0.00012
-2.3357e-07,-0.0004
-2.3317e-07,-0.00042
-2.3277e-07,-0.00014
-2.3237e-07,-0.0003
-2.3197e-07,-0.00034
-2.3157e-07,-0.0001
-2.3117e-07,4e-05
-2.3077e-07,-0.00022
-2.3037e-07,-0.00026
-2.2997e-07,-4e-05
-2.2957e-07,-0.00016
-2.2917e-07,0.00026
-2.2877e-07,-0.00034
-2.2837e-07,0.00018
-2.2797e-07,-4e-05
-2.2757e-07,4e-05
-2.2717e-07,-0.00012
-2.2677e-07,-0.00038
-2.2637e-07,-4e-05
-2.2597e-07,-6e-05
-2.2557e-07,-0.00046
-2.2517e-07,0.00014
-2.2477e-07,2e-05
-2.2437e-07,-6e-05
-2.2397e-07,-0.0002
-2.2357e-07,-0.00042
-2.2317e-07,-2e-05
-2.2277e-07,4e-05
-2.2237e-07,-0.00038
-2.2197e-07,-0.00016
-2.2157e-07,2e-05
-2.2117e-07,-0.00022
-2.2077e-07,8e-05
-2.2037e-07,-2e-05
-2.1997e-07,-0.0002
-2.1957e-07,0.0001
-2.1917e-07,-0.00026
-2.1877e-07,-8e-05
-2.1837e-07,-0.0001
-2.1797e-07,-0.00034
-2.1757e-07,-0.00014
-2.1717e-07,-0.0005
-2.1677e-07,0.00018
-2.1637e-07,-6e-05
-2.1597e-07,6e-05
-2.1557e-07,0.00018
-2.1517e-07,-0.0001
-2.1477e-07,-0.0003
-2.1437e-07,-0.0001
-2.1397e-07,-0.00016
-2.1357e-07,-0.00016
-2.1317e-07,-6e-05
-2.1277e-07,-0.00018
-2.1237e-07,-0.00014
-2.1197e-07,-0.00024
-2.1157e-07,-6e-05
-2.1117e-07,-0.00016
-2.1077e-07,4e-05
-2.1037e-07,-0.00022
-2.0997e-07,-0.00012
-2.0957e-07,-0.00012
-2.0917e-07,-0.00024
-2.0877e-07,6e-05
-2.0837e-07,-0.00036
-2.0797e-07,-0.00012
-2.0757e-07,-2e-05
-2.0717e-07,-0.00018
-2.0677e-07,-0.0001
-2.0637e-07,-0.00034
-2.0597e-07,0
-2.0557e-07,6e-05
-2.0517e-07,0.00012
-2.0477e-07,-2e-05
-2.0437e-07,-2e-05
-2.0397e-07,-0.0004
-2.0357e-07,-0.0002
-2.0317e-07,-0.0001
-2.0277e-07,-0.00016
-2.0237e-07,-0.00018
-2.0197e-07,-0.00014
-2.0157e-07,-0.00024
-2.0117e-07,-0.00028
-2.0077e-07,0.0002
-2.0037e-07,-0.00016
-1.9997e-07,-0.00044
-1.9957e-07,6e-05
-1.9917e-07,0.00024
-1.9877e-07,-0.00022
-1.9837e-07,0
-1.9797e-07,-0.00014
-1.9757e-07,-0.00024
-1.9717e-07,8e-05
-1.9677e-07,-0.00026
-1.9637e-07,0.00012
-1.9597e-07,-0.00032
-1.9557e-07,0.00016
-1.9517e-07,-2e-05
-1.9477e-07,-0.00016
-1.9437e-07,0
-1.9397e-07,-4e-05
-1.9357e-07,-0.00026
-1.9317e-07,0
-1.9277e-07,-2e-05
-1.9237e-07,-0.00014
-1.9197e-07,-0.00016
-1.9157e-07,0.00024
-1.9117e-07,0.0001
-1.9077e-07,8e-05
-1.9037e-07,-0.0001
-1.8997e-07,-4e-05
-1.8957e-07,-0.00018
-1.8917e-07,6e-05
-1.8877e-07,-0.00018
-1.8837e-07,0
-1.8797e-07,-0.00022
-1.8757e-07,0
-1.8717e-07,-0.00028
-1.8677e-07,0.0001
-1.8637e-07,-0.00016
-1.8597e-07,-0.00024
-1.8557e-07,-0.00012
-1.8517e-07,-0.00026
-1.8477e-07,2e-05
-1.8437e-07,-0.00038
-1.8397e-07,0.00018
-1.8357e-07,-0.0003
-1.8317e-07,-6e-05
-1.8277e-07,0.00014
-1.8237e-07,-0.00036
-1.8197e-07,-0.00012
-1.8157e-07,-6e-05
-1.8117e-07,-0.00026
-1.8077e-07,-6e-05
-1.8037e-07,-4e-05
-1.7997e-07,4e-05
-1.7957e-07,0
-1.7917e-07,-0.00038
-1.7877e-07,4e-05
-1.7837e-07,-0.00018
-1.7797e-07,2e-05
-1.7757e-07,-4e-05
-1.7717e-07,-0.00026
-1.7677e-07,0
-1.7637e-07,-0.00038
-1.7597e-07,-0.00022
-1.7557e-07,0
-1.7517e-07,-0.00032
-1.7477e-07,-0.00022
-1.7437e-07,-0.00028
-1.7397e-07,-0.00018
-1.7357e-07,-0.00036
-1.7317e-07,0.00016
-1.7277e-07,-0.00026
-1.7237e-07,-0.00018
-1.7197e-07,0.00016
-1.7157e-07,-0.00024
-1.7117e-07,-0.00012
-1.7077e-07,6e-05
-1.7037e-07,-0.00014
-1.6997e-07,-4e-05
-1.6957e-07,-0.00022
-1.6917e-07,-0.00024
-1.6877e-07,2e-05
-1.6837e-07,-0.00016
-1.6797e-07,-0.00026
-1.6757e-07,-0.00016
-1.6717e-07,2e-05
-1.6677e-07,-2e-05
-1.6637e-07,-0.00024
-1.6597e-07,-0.00016
-1.6557e-07,-0.00048
-1.6517e-07,6e-05
-1.6477e-07,-0.00022
-1.6437e-07,-0.00028
-1.6397e-07,0.00018
-1.6357e-07,-0.00038
-1.6317e-07,-0.00016
-1.6277e-07,0.00016
-1.6237e-07,-0.00024
-1.6197e-07,0.00018
-1.6157e-07,-0.0003
-1.6117e-07,-0.00028
-1.6077e-07,0.00032
-1.6037e-07,-0.0001
-1.5997e-07,-0.0002
-1.5957e-07,-6e-05
-1.5917e-07,-2e-05
-1.5877e-07,-0.00038
-1.5837e-07,4e-05
-1.5797e-07,-0.0001
-1.5757e-07,-4e-05
-1.5717e-07,-0.0002
-1.5677e-07,-0.00042
-1.5637e-07,0.00012
-1.5597e-07,-0.0002
-1.5557e-07,-0.0001
-1.5517e-07,-2e-05
-1.5477e-07,-0.00046
-1.5437e-07,-0.00024
-1.5397e-07,8e-05
-1.5357e-07,-0.00044
-1.5317e-07,-0.00026
-1.5277e-07,-0.0001
-1.5237e-07,0.0001
-1.5197e-07,-0.00024
-1.5157e-07,0.00018
-1.5117e-07,2e-05
-1.5077e-07,2e-05
-1.5037e-07,0.00012
-1.4997e-07,-0.00036
-1.4957e-07,0.0001
-1.4917e-07,-0.00026
-1.4877e-07,-0.00012
-1.4837e-07,-4e-05
-1.4797e-07,-2e-05
-1.4757e-07,0.00014
-1.4717e-07,-0.0004
-1.4677e-07,-0.00028
-1.4637e-07,-0.00018
-1.4597e-07,-0.0003
-1.4557e-07,-0.00024
-1.4517e-07,-0.00016
-1.4477e-07,8e-05
-1.4437e-07,-0.00014
-1.4397e-07,-0.00022
-1.4357e-07,-0.00014
-1.4317e-07,-8e-05
-1.4277e-07,-2e-05
-1.4237e-07,-0.00042
-1.4197e-07,-0.00012
-1.4157e-07,0.0002
-1.4117e-07,-0.00018
-1.4077e-07,-0.00012
-1.4037e-07,6e-05
-1.3997e-07,-0.00018
-1.3957e-07,-6e-05
-1.3917e-07,-0.00012
-1.3877e-07,-2e-05
-1.3837e-07,0.00022
-1.3797e-07,-0.00032
-1.3757e-07,-2e-05
-1.3717e-07,8e-05
-1.3677e-07,-0.00014
-1.3637e-07,8e-05
-1.3597e-07,-8e-05
-1.3557e-07,-4e-05
-1.3517e-07,-8e-05
-1.3477e-07,0.0001
-1.3437e-07,-0.00018
-1.3397e-07,-2e-05
-1.3357e-07,-0.0004
-1.3317e-07,-0.00018
-1.3277e-07,0.00024
-1.3237e-07,-0.00034
-1.3197e-07,-0.00018
-1.3157e-07,8e-05
-1.3117e-07,-0.00024
-1.3077e-07,6e-05
-1.3037e-07,-4e-05
-1.2997e-07,-0.00012
-1.2957e-07,-0.00016
-1.2917e-07,0
-1.2877e-07,-8e-05
-1.2837e-07,0.00014
-1.2797e-07,-0.0001
-1.2757e-07,-0.00024
-1.2717e-07,-6e-05
-1.2677e-07,8e-05
-1.2637e-07,-0.0004
-1.2597e-07,0
-1.2557e-07,-0.00018
-1.2517e-07,-0.00034
-1.2477e-07,0
-1.2437e-07,-0.00016
-1.2397e-07,-6e-05
-1.2357e-07,-0.00046
-1.2317e-07,-0.00028
-1.2277e-07,-6e-05
-1.2237e-07,-0.00016
-1.2197e-07,0.00014
-1.2157e-07,-0.00018
-1.2117e-07,4e-05
-1.2077e-07,-6e-05
-1.2037e-07,0
-1.1997e-07,-0.00024
-1.1957e-07,-0.00026
-1.1917e-07,-2e-05
-1.1877e-07,-8e-05
-1.1837e-07,-0.00012
-1.1797e-07,-0.00014
-1.1757e-07,-0.00014
-1.1717e-07,-4e-05
-1.1677e-07,-0.00014
-1.1637e-07,-2e-05
-1.1597e-07,-0.0002
-1.1557e-07,0.0001
-1.1517e-07,-0.0002
-1.1477e-07,-6e-05
-1.1437e-07,4e-05
-1.1397e-07,-0.00024
-1.1357e-07,0.00016
-1.1317e-07,-0.00016
-1.1277e-07,6e-05
-1.1237e-07,-0.00012
-1.1197e-07,-8e-05
-1.1157e-07,-4e-05
-1.1117e-07,-0.00026
-1.1077e-07,-6e-05
-1.1037e-07,-0.0003
-1.0997e-07,-0.0001
-1.0957e-07,0
-1.0917e-07,-6e-05
-1.0877e-07,-0.0002
-1.0837e-07,-0.0001
-1.0797e-07,0.00014
-1.0757e-07,-4e-05
-1.0717e-07,0.00014
-1.0677e-07,-6e-05
-1.0637e-07,-0.0002
-1.0597e-07,8e-05
-1.0557e-07,-0.00018
-1.0517e-07,-8e-05
-1.0477e-07,-8e-05
-1.0437e-07,-0.00054
-1.0397e-07,-0.00034
-1.0357e-07,-6e-05
-1.0317e-07,-0.00012
-1.0277e-07,-0.00022
-1.0237e-07,-0.00028
-1.0197e-07,0.0001
-1.0157e-07,-6e-05
-1.0117e-07,-0.00024
-1.0077e-07,-0.00022
-1.0037e-07,0
-9.99698e-08,-0.00024
-9.95698e-08,-0.00022
-9.91698e-08,-0.00032
-9.87698e-08,0.0001
-9.83698e-08,0.00026
-9.79698e-08,-0.00034
-9.75698e-08,-0.00022
-9.71698e-08,-0.00026
-9.67698e-08,-0.0003
-9.63698e-08,-0.00022
-9.59698e-08,-2e-05
-9.55698e-08,-0.0003
-9.51698e-08,-0.00016
-9.47698e-08,-8e-05
-9.43698e-08,-0.00046
-9.39698e-08,2e-05
-9.35698e-08,-0.0002
-9.31698e-08,-0.00018
-9.27698e-08,-0.00012
-9.23698e-08,-0.00014
-9.19698e-08,-2e-05
-9.15698e-08,-6e-05
-9.11698e-08,-0.0003
-9.07698e-08,-0.00064
-9.03698e-08,-0.00028
-8.99698e-08,-0.00012
-8.95698e-08,-0.00048
-8.91698e-08,0.00026
-8.87698e-08,-0.00012
-8.83698e-08,4e-05
-8.79698e-08,-0.00022
-8.75698e-08,-0.00038
-8.71698e-08,0.00024
-8.67698e-08,-6e-05
-8.63698e-08,-0.00032
-8.59698e-08,-0.00012
-8.55698e-08,-0.00016
-8.51698e-08,0.0002
-8.47698e-08,2e-05
-8.43698e-08,-0.00028
-8.39698e-08,-0.00014
-8.35698e-08,-0.00024
-8.31698e-08,-0.00022
-8.27698e-08,-0.00012
-8.23698e-08,-0.00014
-8.19698e-08,-0.0001
-8.15698e-08,-0.00034
-8.11698e-08,-0.0003
-8.07698e-08,0.00014
-8.03698e-08,-0.00016
-7.99698e-08,-4e-05
-7.95698e-08,2e-05
-7.91698e-08,0.0001
-7.87698e-08,-0.0002
-7.83698e-08,-0.00026
-7.79698e-08,0.0002
-7.75698e-08,-0.00054
-7.71698e-08,-2e-05
-7.67698e-08,-6e-05
-7.63698e-08,-0.00026
-7.59698e-08,-0.00018
-7.55698e-08,-0.00016
-7.51698e-08,-0.00016
-7.47698e-08,-0.0001
-7.43698e-08,-0.00024
-7.39698e-08,-0.00044
-7.35698e-08,-0.00048
-7.31698e-08,-0.0001
-7.27698e-08,0
-7.23698e-08,-0.0004
-7.19698e-08,-0.00028
-7.15698e-08,8e-05
-7.11698e-08,-0.00018
-7.07698e-08,-0.00014
-7.03698e-08,-6e-05
-6.99698e-08,-0.00036
-6.95698e-08,-4e-05
-6.91698e-08,8e-05
-6.87698e-08,-0.00024
-6.83698e-08,-0.00026
-6.79698e-08,-0.00024
-6.75698e-08,-0.00044
-6.71698e-08,-0.00032
-6.67698e-08,-0.00022
-6.63698e-08,-0.00014
-6.59698e-08,-0.0002
-6.55698e-08,-0.0003
-6.51698e-08,-4e-05
-6.47698e-08,-0.00014
-6.43698e-08,-0.0002
-6.39698e-08,-0.00036
-6.35698e-08,-0.00034
-6.31698e-08,2e-05
-6.27698e-08,-0.00032
-6.23698e-08,-0.00026
-6.19698e-08,-2e-05
-6.15698e-08,-0.0002
-6.11698e-08,-0.00014
-6.07698e-08,-0.00038
-6.03698e-08,-0.00022
-5.99698e-08,-0.00044
-5.95698e-08,-0.0001
-5.91698e-08,-0.00026
-5.87698e-08,-0.0002
-5.83698e-08,-4e-05
-5.79698e-08,2e-05
-5.75698e-08,-0.00036
-5.71698e-08,-0.00016
-5.67698e-08,-0.00034
-5.63698e-08,4e-05
-5.59698e-08,-6e-05
-5.55698e-08,-0.00016
-5.51698e-08,-0.00018
-5.47698e-08,-2e-05
-5.43698e-08,-0.00016
-5.39698e-08,0.00026
-5.35698e-08,0.00018
-5.31698e-08,-0.00014
-5.27698e-08,-0.00014
-5.23698e-08,8e-05
-5.19698e-08,0
-5.15698e-08,0.00018
-5.11698e-08,-0.00036
-5.07698e-08,0.0001
-5.03698e-08,-0.00046
-4.99698e-08,0.0001
-4.95698e-08,0
-4.91698e-08,-0.0002
-4.87698e-08,-0.0002
-4.83698e-08,-0.00012
-4.79698e-08,-0.00018
-4.75698e-08,0.00018
-4.71698e-08,0.00032
-4.67698e-08,-0.00034
-4.63698e-08,-0.0001
-4.59698e-08,0.0001
-4.55698e-08,-0.00036
-4.51698e-08,0.0001
-4.47698e-08,-0.00022
-4.43698e-08,-6e-05
-4.39698e-08,4e-05
-4.35698e-08,-0.00014
-4.31698e-08,-0.0003
-4.27698e-08,-6e-05
-4.23698e-08,-0.00018
-4.19698e-08,-0.0004
-4.15698e-08,-0.00012
-4.11698e-08,-0.0006
-4.07698e-08,-0.0001
-4.03698e-08,-0.00016
-3.99698e-08,-0.00042
-3.95698e-08,-0.00024
-3.91698e-08,-0.00026
-3.87698e-08,-0.00026
-3.83698e-08,0
-3.79698e-08,0
-3.75698e-08,-8e-05
-3.71698e-08,-0.00016
-3.67698e-08,-4e-05
-3.63698e-08,-0.00018
-3.59698e-08,-0.0001
-3.55698e-08,-6e-05
-3.51698e-08,-8e-05
-3.47698e-08,-6e-05
-3.43698e-08,-8e-05
-3.39698e-08,0.0001
-3.35698e-08,-0.00058
-3.31698e-08,-8e-05
-3.27698e-08,-0.0001
-3.23698e-08,-0.00022
-3.19698e-08,-0.0001
-3.15698e-08,0
-3.11698e-08,-0.00016
-3.07698e-08,4e-05
-3.03698e-08,-0.00034
-2.99698e-08,-6e-05
-2.95698e-08,-0.00032
-2.91698e-08,0.0001
-2.87698e-08,-0.00024
-2.83698e-08,-0.0001
-2.79698e-08,0.00016
-2.75698e-08,-0.00026
-2.71698e-08,-0.00024
-2.67698e-08,-0.00016
-2.63698e-08,-0.00018
-2.59698e-08,-0.00012
-2.55698e-08,-0.0002
-2.51698e-08,-6e-05
-2.47698e-08,-0.00012
-2.43698e-08,-0.0002
-2.39698e-08,-0.00028
-2.35698e-08,-0.00012
-2.31698e-08,-0.00032
-2.27698e-08,0
-2.23698e-08,-0.00034
-2.19698e-08,-6e-05
-2.15698e-08,2e-05
-2.11698e-08,-0.00022
-2.07698e-08,-0.0003
-2.03698e-08,-8e-05
-1.99698e-08,-0.00018
-1.95698e-08,-0.00012
-1.91698e-08,-0.0001
-1.87698e-08,-0.0003
-1.83698e-08,-0.00018
-1.79698e-08,-0.00026
-1.75698e-08,-0.0003
-1.71698e-08,-0.0003
-1.67698e-08,-0.00028
-1.63698e-08,0.00022
-1.59698e-08,-8e-05
-1.55698e-08,-8e-05
-1.51698e-08,0.00014
-1.47698e-08,-0.00014
-1.43698e-08,-0.00038
-1.39698e-08,-8e-05
-1.35698e-08,0
-1.31698e-08,-0.00022
-1.27698e-08,-6e-05
-1.23698e-08,-8e-05
-1.19698e-08,2e-05
-1.15698e-08,-6e-05
-1.11698e-08,-0.0002
-1.07698e-08,-0.00014
-1.03698e-08,-0.00026
-9.96983e-09,-0.00026
-9.56983e-09,-0.00026
-9.16983e-09,-6e-05
-8.76983e-09,-0.00026
-8.36983e-09,-0.0001
-7.96983e-09,0.0001
-7.56983e-09,0
-7.16983e-09,0
-6.76983e-09,-6e-05
-6.36983e-09,-0.00034
-5.96983e-09,-0.00014
-5.56983e-09,2e-05
-5.16983e-09,-0.00016
-4.76983e-09,-0.0002
-4.36983e-09,-0.00014
-3.96983e-09,-2e-05
-3.56983e-09,-6e-05
-3.16983e-09,0
-2.76983e-09,-0.00018
-2.36983e-09,-0.0001
-1.96983e-09,-0.00026
-1.56983e-09,-0.00018
-1.16983e-09,-0.0002
-7.6983e-10,-0.0002
-3.6983e-10,-0.0001
3.01703e-11,-0.0001
4.3017e-10,-8e-05
8.3017e-10,-0.00018
1.23017e-09,0.00012
1.63017e-09,-0.00022
2.03017e-09,-0.00026
2.43017e-09,8e-05
2.83017e-09,-0.0002
3.23017e-09,-6e-05
3.63017e-09,-0.00022
4.03017e-09,-0.00012
4.43017e-09,-0.00012
4.83017e-09,-0.00028
5.23017e-09,0.00024
5.63017e-09,-0.00026
6.03017e-09,-0.00036
6.43017e-09,-6e-05
6.83017e-09,-0.0003
7.23017e-09,-2e-05
7.63017e-09,-0.00028
8.03017e-09,-0.00038
8.43017e-09,-0.0001
8.83017e-09,-0.00018
9.23017e-09,-6e-05
9.63017e-09,-8e-05
1.00302e-08,-0.00016
1.04302e-08,-0.00014
1.08302e-08,-4e-05
1.12302e-08,-0.0002
1.16302e-08,0
1.20302e-08,-0.0001
1.24302e-08,-0.00024
1.28302e-08,-6e-05
1.32302e-08,-0.00012
1.36302e-08,-0.00024
1.40302e-08,6e-05
1.44302e-08,-6e-05
1.48302e-08,-0.00014
1.52302e-08,-8e-05
1.56302e-08,-0.00044
1.60302e-08,-0.00018
1.64302e-08,-0.0001
1.68302e-08,-0.00032
1.72302e-08,0.00012
1.76302e-08,-0.0003
1.80302e-08,-0.00022
1.84302e-08,8e-05
1.88302e-08,-0.0001
1.92302e-08,2e-05
1.96302e-08,-0.0001
2.00302e-08,-0.00054
2.04302e-08,-0.00032
2.08302e-08,-6e-05
2.12302e-08,-0.00058
2.16302e-08,0.00012
2.20302e-08,-0.00014
2.24302e-08,-0.00028
2.28302e-08,0.00014
2.32302e-08,-0.0003
2.36302e-08,-4e-05
2.40302e-08,-0.00024
2.44302e-08,-0.00014
2.48302e-08,0.00028
2.52302e-08,-2e-05
2.56302e-08,-0.00018
2.60302e-08,0
2.64302e-08,-0.0003
2.68302e-08,-0.00042
2.72302e-08,-0.00024
2.76302e-08,0.00018
2.80302e-08,-0.00038
2.84302e-08,0
2.88302e-08,-0.00012
2.92302e-08,-0.00022
2.96302e-08,0
3.00302e-08,0.0002
3.04302e-08,-0.00026
3.08302e-08,-0.0002
3.12302e-08,-0.0003
3.16302e-08,0
3.20302e-08,-0.00028
3.24302e-08,-0.00012
3.28302e-08,-0.00032
3.32302e-08,-8e-05
3.36302e-08,-0.00014
3.40302e-08,0
3.44302e-08,-0.00024
3.48302e-08,6e-05
3.52302e-08,-0.00016
3.56302e-08,-0.00028
3.60302e-08,0.00036
3.64302e-08,-0.00012
3.68302e-08,-6e-05
3.72302e-08,8e-05
3.76302e-08,-0.00012
3.80302e-08,-0.0002
3.84302e-08,-4e-05
3.88302e-08,-0.00026
3.92302e-08,-0.00028
3.96302e-08,-0.0002
4.00302e-08,-0.00016
4.04302e-08,-2e-05
4.08302e-08,0
4.12302e-08,-0.00028
4.16302e-08,-0.0002
4.20302e-08,-6e-05
4.24302e-08,-8e-05
4.28302e-08,-0.0002
4.32302e-08,-0.00036
4.36302e-08,-6e-05
4.40302e-08,-0.0002
4.44302e-08,-0.00036
4.48302e-08,-0.00012
4.52302e-08,-6e-05
4.56302e-08,-0.00016
4.60302e-08,0.00012
4.64302e-08,-0.00028
4.68302e-08,-0.00024
4.72302e-08,0
4.76302e-08,-0.0001
4.80302e-08,-0.00026
4.84302e-08,0.00022
4.88302e-08,-8e-05
4.92302e-08,-0.00036
4.96302e-08,-0.00024
5.00302e-08,-0.00024
5.04302e-08,0.00014
5.08302e-08,4e-05
5.12302e-08,-0.00018
5.16302e-08,-0.00012
5.20302e-08,0.00012
5.24302e-08,0
5.28302e-08,-0.00028
5.32302e-08,0
5.36302e-08,-0.00014
5.40302e-08,-0.00018
5.44302e-08,-8e-05
5.48302e-08,-0.00016
5.52302e-08,-0.0003
5.56302e-08,-0.00016
5.60302e-08,0.0001
5.64302e-08,-0.00014
5.68302e-08,-8e-05
5.72302e-08,-0.00014
5.76302e-08,-0.00022
5.80302e-08,-0.00026
5.84302e-08,0.00014
5.88302e-08,-0.0004
5.92302e-08,2e-05
5.96302e-08,-0.00014
6.00302e-08,-0.00036
6.04302e-08,-8e-05
6.08302e-08,-0.00012
6.12302e-08,-2e-05
6.16302e-08,6e-05
6.20302e-08,-4e-05
6.24302e-08,-0.00022
6.28302e-08,-6e-05
6.32302e-08,-0.00026
6.36302e-08,-0.00026
6.40302e-08,-2e-05
6.44302e-08,-2e-05
6.48302e-08,-0.00018
6.52302e-08,-2e-05
6.56302e-08,-0.00016
6.60302e-08,-0.0001
6.64302e-08,-0.0001
6.68302e-08,0.0001
6.72302e-08,-0.00012
6.76302e-08,2e-05
6.80302e-08,-0.00022
6.84302e-08,-8e-05
6.88302e-08,-0.0004
6.92302e-08,-0.00012
6.96302e-08,-2e-05
7.00302e-08,-0.00034
7.04302e-08,-0.0002
7.08302e-08,-0.00032
7.12302e-08,2e-05
7.16302e-08,-0.00032
7.20302e-08,-0.00026
7.24302e-08,-4e-05
7.28302e-08,-6e-05
7.32302e-08,-0.00012
7.36302e-08,-0.00014
7.40302e-08,-8e-05
7.44302e-08,-0.0001
7.48302e-08,8e-05
7.52302e-08,-0.00024
7.56302e-08,8e-05
7.60302e-08,-0.00026
7.64302e-08,-0.00026
7.68302e-08,-0.00016
7.72302e-08,-0.0004
7.76302e-08,6e-05
7.80302e-08,-0.00016
7.84302e-08,2e-05
7.88302e-08,-4e-05
7.92302e-08,-0.00038
7.96302e-08,-4e-05
8.00302e-08,-0.00018
8.04302e-08,-0.00032
8.08302e-08,0.00012
8.12302e-08,-4e-05
8.16302e-08,-0.0002
8.20302e-08,-0.00034
8.24302e-08,-0.00042
8.28302e-08,-0.00024
8.32302e-08,-0.0004
8.36302e-08,-0.00026
8.40302e-08,-0.00028
8.44302e-08,-0.00034
8.48302e-08,-2e-05
8.52302e-08,-0.00026
8.56302e-08,-4e-05
8.60302e-08,-0.00014
8.64302e-08,-0.00026
8.68302e-08,-0.00034
8.72302e-08,-0.00012
8.76302e-08,-6e-05
8.80302e-08,-0.00026
8.84302e-08,-6e-05
8.88302e-08,-0.00024
8.92302e-08,0.00028
8.96302e-08,-8e-05
9.00302e-08,-0.00012
9.04302e-08,0.00014
9.08302e-08,-4e-05
9.12302e-08,-0.00016
9.16302e-08,-0.00024
9.20302e-08,4e-05
9.24302e-08,-0.00034
9.28302e-08,-0.0002
9.32302e-08,-2e-05
9.36302e-08,-0.00016
9.40302e-08,4e-05
9.44302e-08,0
9.48302e-08,-0.0002
9.52302e-08,-0.00018
9.56302e-08,-0.0003
9.60302e-08,-8e-05
9.64302e-08,-0.00022
9.68302e-08,-0.0002
9.72302e-08,2e-05
9.76302e-08,-0.0002
9.80302e-08,-8e-05
9.84302e-08,-0.00018
9.88302e-08,-0.00026
9.92302e-08,-0.00048
9.96302e-08,-0.00034
1.0003e-07,-0.00018
1.0043e-07,-0.00028
1.0083e-07,-0.0002
1.0123e-07,-0.00044
1.0163e-07,2e-05
1.0203e-07,-8e-05
1.0243e-07,-0.00028
1.0283e-07,0.00016
1.0323e-07,4e-05
1.0363e-07,-0.0003
1.0403e-07,-0.00038
1.0443e-07,-0.00018
1.0483e-07,2e-05
1.0523e-07,0.00024
1.0563e-07,-0.00032
1.0603e-07,-0.00026
1.0643e-07,-0.00018
1.0683e-07,-0.00014
1.0723e-07,-0.00026
1.0763e-07,-0.00014
1.0803e-07,0
1.0843e-07,-0.00018
1.0883e-07,-0.00018
1.0923e-07,-0.0002
1.0963e-07,-0.00026
1.1003e-07,0.00016
1.1043e-07,-0.00038
1.1083e-07,4e-05
1.1123e-07,-0.00016
1.1163e-07,-0.00026
1.1203e-07,-0.00046
1.1243e-07,-0.00056
1.1283e-07,2e-05
1.1323e-07,-0.00044
1.1363e-07,-0.00032
1.1403e-07,-0.00028
1.1443e-07,-0.00028
1.1483e-07,-0.00024
1.1523e-07,-0.00032
1.1563e-07,-0.00024
1.1603e-07,-0.00018
1.1643e-07,4e-05
1.1683e-07,-4e-05
1.1723e-07,-0.00034
1.1763e-07,0.00012
1.1803e-07,-0.0002
1.1843e-07,-0.0002
1.1883e-07,-0.00032
1.1923e-07,-0.00028
1.1963e-07,8e-05
1.2003e-07,-0.00012
1.2043e-07,-0.0001
1.2083e-07,8e-05
1.2123e-07,-0.0001
1.2163e-07,-2e-05
1.2203e-07,-0.00014
1.2243e-07,8e-05
1.2283e-07,6e-05
1.2323e-07,-0.00012
1.2363e-07,8e-05
1.2403e-07,-0.0001
1.2443e-07,0.00022
1.2483e-07,6e-05
1.2523e-07,-0.00018
1.2563e-07,-0.00014
1.2603e-07,-0.00026
1.2643e-07,-0.00014
1.2683e-07,-0.00012
1.2723e-07,0.0001
1.2763e-07,-4e-05
1.2803e-07,-0.00018
1.2843e-07,-0.00024
1.2883e-07,-0.00016
1.2923e-07,-6e-05
1.2963e-07,-0.00026
1.3003e-07,-0.00018
1.3043e-07,-0.00016
1.3083e-07,-0.00032
1.3123e-07,-0.00024
1.3163e-07,-0.00032
1.3203e-07,-0.00016
1.3243e-07,0.00018
1.3283e-07,-0.00028
1.3323e-07,-0.00028
1.3363e-07,-0.0002
1.3403e-07,-0.0002
1.3443e-07,4e-05
1.3483e-07,-4e-05
1.3523e-07,0.00014
1.3563e-07,-0.0002
1.3603e-07,-0.00018
1.3643e-07,-8e-05
1.3683e-07,-4e-05
1.3723e-07,-0.0002
1.3763e-07,-0.00014
1.3803e-07,-0.00024
1.3843e-07,-0.0001
1.3883e-07,-0.00022
1.3923e-07,6e-05
1.3963e-07,-0.00026
1.4003e-07,-0.00022
1.4043e-07,0.0002
1.4083e-07,-4e-05
1.4123e-07,-0.00018
1.4163e-07,-0.0001
1.4203e-07,-6e-05
1.4243e-07,-0.00034
1.4283e-07,-6e-05
1.4323e-07,-0.00014
1.4363e-07,-0.00024
1.4403e-07,-0.00012
1.4443e-07,-0.00042
1.4483e-07,-0.0001
1.4523e-07,0.00018
1.4563e-07,-0.00052
1.4603e-07,4e-05
1.4643e-07,-0.0003
1.4683e-07,2e-05
1.4723e-07,-4e-05
1.4763e-07,-0.00072
1.4803e-07,0
1.4843e-07,0
1.4883e-07,-4e-05
1.4923e-07,0.0002
1.4963e-07,-6e-05
1.5003e-07,-0.00024
1.5043e-07,-0.00024
1.5083e-07,-0.00018
1.5123e-07,-0.00012
1.5163e-07,0.00024
1.5203e-07,2e-05
1.5243e-07,-0.00036
1.5283e-07,0.0001
1.5323e-07,-0.00016
1.5363e-07,-0.00048
1.5403e-07,-0.00024
1.5443e-07,-0.0002
1.5483e-07,-0.00028
1.5523e-07,-0.0002
1.5563e-07,0
1.5603e-07,0.00018
1.5643e-07,-0.0005
1.5683e-07,-6e-05
1.5723e-07,-6e-05
1.5763e-07,-0.0002
1.5803e-07,-0.00024
1.5843e-07,0.00022
1.5883e-07,-0.0001
1.5923e-07,-4e-05
1.5963e-07,0.00016
1.6003e-07,-0.00052
1.6043e-07,-6e-05
1.6083e-07,-0.0002
1.6123e-07,-0.00018
1.6163e-07,-0.00016
1.6203e-07,0
1.6243e-07,-4e-05
1.6283e-07,0
1.6323e-07,-4e-05
1.6363e-07,-8e-05
1.6403e-07,-0.00022
1.6443e-07,-2e-05
1.6483e-07,0
1.6523e-07,-0.0002
1.6563e-07,-8e-05
1.6603e-07,-4e-05
1.6643e-07,-0.0001
1.6683e-07,-6e-05
1.6723e-07,-0.00028
1.6763e-07,-0.00016
1.6803e-07,-0.00022
1.6843e-07,-0.00014
1.6883e-07,-0.0002
1.6923e-07,-8e-05
1.6963e-07,-0.00052
1.7003e-07,-0.00012
1.7043e-07,-0.00018
1.7083e-07,-4e-05
1.7123e-07,-0.00026
1.7163e-07,-0.00024
1.7203e-07,-4e-05
1.7243e-07,-0.00018
1.7283e-07,-0.00024
1.7323e-07,-0.0001
1.7363e-07,-0.0002
1.7403e-07,4e-05
1.7443e-07,-0.0001
1.7483e-07,-4e-05
1.7523e-07,4e-05
1.7563e-07,-8e-05
1.7603e-07,-0.00044
1.7643e-07,-0.00028
1.7683e-07,-0.00026
1.7723e-07,-8e-05
1.7763e-07,-0.00012
1.7803e-07,-0.00022
1.7843e-07,-8e-05
1.7883e-07,-0.00026
1.7923e-07,-0.00036
1.7963e-07,4e-05
1.8003e-07,-0.00034
1.8043e-07,-0.00018
1.8083e-07,4e-05
1.8123e-07,-0.00028
1.8163e-07,6e-05
1.8203e-07,0.00018
1.8243e-07,-0.00048
1.8283e-07,-0.00018
1.8323e-07,-0.00036
1.8363e-07,-0.0001
1.8403e-07,-0.00026
1.8443e-07,-0.00028
1.8483e-07,0.00012
1.8523e-07,0
1.8563e-07,0.00012
1.8603e-07,0.00014
1.8643e-07,-0.00014
1.8683e-07,0.00022
1.8723e-07,-0.00038
1.8763e-07,0.00024
1.8803e-07,6e-05
1.8843e-07,-0.00018
1.8883e-07,-0.00018
1.8923e-07,0.00012
1.8963e-07,-0.0001
1.9003e-07,-0.00016
1.9043e-07,-0.00038
1.9083e-07,8e-05
1.9123e-07,0
1.9163e-07,-0.0001
1.9203e-07,-0.00018
1.9243e-07,-0.00016
1.9283e-07,-0.00014
1.9323e-07,4e-05
1.9363e-07,-0.00046
1.9403e-07,8e-05
1.9443e-07,-0.00028
1.9483e-07,4e-05
1.9523e-07,-0.00024
1.9563e-07,-0.00036
1.9603e-07,-6e-05
1.9643e-07,0
1.9683e-07,-0.00048
1.9723e-07,-0.00036
1.9763e-07,-0.00014
1.9803e-07,-0.00036
1.9843e-07,0
1.9883e-07,-0.0003
1.9923e-07,-0.00034
1.9963e-07,4e-05
2.0003e-07,0
2.0043e-07,-0.00042
2.0083e-07,-8e-05
2.0123e-07,-0.00028
2.0163e-07,-0.00038
2.0203e-07,-0.0001
2.0243e-07,-0.00028
2.0283e-07,4e-05
2.0323e-07,-0.00022
2.0363e-07,-0.0001
2.0403e-07,0
2.0443e-07,-0.0002
2.0483e-07,0.00014
2.0523e-07,-8e-05
2.0563e-07,-0.0002
2.0603e-07,-0.00014
2.0643e-07,-0.00018
2.0683e-07,-0.0003
2.0723e-07,-0.00026
2.0763e-07,-0.00012
2.0803e-07,-0.00014
2.0843e-07,-0.0002
2.0883e-07,-0.0001
2.0923e-07,-6e-05
2.0963e-07,-0.00034
2.1003e-07,-2e-05
2.1043e-07,-0.00038
2.1083e-07,-0.00018
2.1123e-07,-0.0001
2.1163e-07,-0.00012
2.1203e-07,0.00026
2.1243e-07,-0.00016
2.1283e-07,-6e-05
2.1323e-07,-0.00022
2.1363e-07,-0.00036
2.1403e-07,-0.00028
2.1443e-07,-0.00032
2.1483e-07,-0.00026
2.1523e-07,-0.00018
2.1563e-07,-0.00016
2.1603e-07,-0.00034
2.1643e-07,0
2.1683e-07,0.0001
2.1723e-07,-8e-05
2.1763e-07,-6e-05
2.1803e-07,-0.0002
2.1843e-07,2e-05
2.1883e-07,-0.00024
2.1923e-07,-6e-05
2.1963e-07,2e-05
2.2003e-07,-0.0001
2.2043e-07,-0.0002
2.2083e-07,8e-05
2.2123e-07,-8e-05
2.2163e-07,-2e-05
2.2203e-07,-2e-05
2.2243e-07,-4e-05
2.2283e-07,-0.00016
2.2323e-07,-0.0002
2.2363e-07,0.0001
2.2403e-07,-0.00028
2.2443e-07,-0.00044
2.2483e-07,-0.0001
2.2523e-07,6e-05
2.2563e-07,-0.00056
2.2603e-07,-0.0002
2.2643e-07,-0.00024
2.2683e-07,-0.00036
2.2723e-07,-0.00028
2.2763e-07,-2e-05
2.2803e-07,-0.00018
2.2843e-07,4e-05
2.2883e-07,-6e-05
2.2923e-07,-6e-05
2.2963e-07,-8e-05
2.3003e-07,-0.00018
2.3043e-07,-0.00018
2.3083e-07,-0.00014
2.3123e-07,-2e-05
2.3163e-07,-2e-05
2.3203e-07,-0.0001
2.3243e-07,-2e-05
2.3283e-07,-0.00028
2.3323e-07,6e-05
2.3363e-07,-0.00024
2.3403e-07,-0.00032
2.3443e-07,-6e-05
2.3483e-07,-8e-05
2.3523e-07,-0.00034
2.3563e-07,0.00022
2.3603e-07,-0.00034
2.3643e-07,0.00018
2.3683e-07,-0.00018
2.3723e-07,-0.00024
2.3763e-07,0
2.3803e-07,-0.00012
2.3843e-07,-4e-05
2.3883e-07,-6e-05
2.3923e-07,-0.00014
2.3963e-07,-0.00026
2.4003e-07,-0.0003
2.4043e-07,-0.00014
2.4083e-07,-0.00018
2.4123e-07,-0.0002
2.4163e-07,-0.0001
2.4203e-07,-4e-05
2.4243e-07,-0.00014
2.4283e-07,-0.00022
2.4323e-07,-0.00022
2.4363e-07,-0.00018
2.4403e-07,-0.0001
2.4443e-07,-4e-05
2.4483e-07,2e-05
2.4523e-07,-0.00016
2.4563e-07,-0.00026
2.4603e-07,0
2.4643e-07,-0.00022
2.4683e-07,-0.00022
2.4723e-07,8e-05
2.4763e-07,-0.00036
2.4803e-07,-0.0002
2.4843e-07,6e-05
2.4883e-07,-0.00018
2.4923e-07,-8e-05
2.4963e-07,-0.00014
2.5003e-07,4e-05
