,Shot number,HRM3,HRM4,HRM5,HRM6
171440743519,,,,,
171440746159,,,,,
171440748799,,,,,
171440751439,,,,,
171440754079,,,,,
171440756719,,,,,
1714383306135000,,HRM3.DigiCam_OD0_1714383312791697_1714383306135000.csv,HRM4.DigiCam_OD0_1714383312793361_1714383306135000.csv,HRM5.DigiCam_OD0_1714383312763789_1714383306135000.csv,HRM6.DigiCam_OD0_1714383312766057_1714383306135000.csv
1714383490935000,,HRM3.DigiCam_OD0_1714383497591900_1714383490935000.csv,HRM4.DigiCam_OD0_1714383497592767_1714383490935000.csv,HRM5.DigiCam_OD0_1714383497563581_1714383490935000.csv,HRM6.DigiCam_OD0_1714383497565285_1714383490935000.csv
1714383992535000,,HRM3.DigiCam_OD0_1714383999191731_1714383992535000.csv,HRM4.DigiCam_OD0_1714383999192887_1714383992535000.csv,HRM5.DigiCam_OD0_1714383999163885_1714383992535000.csv,HRM6.DigiCam_OD0_1714383999165408_1714383992535000.csv
1714384098135000,,HRM3.DigiCam_OD0_1714384104791679_1714384098135000.csv,HRM4.DigiCam_OD0_1714384104793144_1714384098135000.csv,HRM5.DigiCam_OD0_1714384104764196_1714384098135000.csv,HRM6.DigiCam_OD0_1714384104766211_1714384098135000.csv
1714384256535000,,HRM3.DigiCam_OD0_1714384263191380_1714384256535000.csv,HRM4.DigiCam_OD0_1714384263192147_1714384256535000.csv,HRM5.DigiCam_OD0_1714384263162999_1714384256535000.csv,HRM6.DigiCam_OD0_1714384263165060_1714384256535000.csv
1714384362135000,,HRM3.DigiCam_OD0_1714384368791131_1714384362135000.csv,HRM4.DigiCam_OD0_1714384368792508_1714384362135000.csv,HRM5.DigiCam_OD0_1714384368763529_1714384362135000.csv,HRM6.DigiCam_OD0_1714384368765775_1714384362135000.csv
1714385338935000,,HRM3.DigiCam_OD0_1714385345591787_1714385338935000.csv,HRM4.DigiCam_OD0_1714385345593270_1714385338935000.csv,HRM5.DigiCam_OD0_1714385345562779_1714385338935000.csv,HRM6.DigiCam_OD0_1714385345564960_1714385338935000.csv
1714385365335000,,HRM3.DigiCam_OD0_1714385371991539_1714385365335000.csv,HRM4.DigiCam_OD0_1714385371993098_1714385365335000.csv,HRM5.DigiCam_OD0_1714385371963130_1714385365335000.csv,HRM6.DigiCam_OD0_1714385371965010_1714385365335000.csv
1714385391735000,,HRM3.DigiCam_OD0_1714385398392087_1714385391735000.csv,HRM4.DigiCam_OD0_1714385398393098_1714385391735000.csv,HRM5.DigiCam_OD0_1714385398363109_1714385391735000.csv,HRM6.DigiCam_OD0_1714385398365427_1714385391735000.csv
1714385418135000,,HRM3.DigiCam_OD0_1714385424791974_1714385418135000.csv,HRM4.DigiCam_OD0_1714385424792879_1714385418135000.csv,HRM5.DigiCam_OD0_1714385424763528_1714385418135000.csv,HRM6.DigiCam_OD0_1714385424765540_1714385418135000.csv
1714385444535000,,HRM3.DigiCam_OD0_1714385451191884_1714385444535000.csv,HRM4.DigiCam_OD0_1714385451193197_1714385444535000.csv,HRM5.DigiCam_OD0_1714385451162960_1714385444535000.csv,HRM6.DigiCam_OD0_1714385451165149_1714385444535000.csv
1714385470935000,,HRM3.DigiCam_OD0_1714385477591334_1714385470935000.csv,HRM4.DigiCam_OD0_1714385477592996_1714385470935000.csv,HRM5.DigiCam_OD0_1714385477563335_1714385470935000.csv,HRM6.DigiCam_OD0_1714385477565754_1714385470935000.csv
1714385497335000,,HRM3.DigiCam_OD0_1714385503991442_1714385497335000.csv,HRM4.DigiCam_OD0_1714385503992647_1714385497335000.csv,HRM5.DigiCam_OD0_1714385503963423_1714385497335000.csv,HRM6.DigiCam_OD0_1714385503965677_1714385497335000.csv
1714385523735000,,HRM3.DigiCam_OD0_1714385530391244_1714385523735000.csv,HRM4.DigiCam_OD0_1714385530392498_1714385523735000.csv,HRM5.DigiCam_OD0_1714385530363202_1714385523735000.csv,HRM6.DigiCam_OD0_1714385530365926_1714385523735000.csv
1714385550135000,,HRM3.DigiCam_OD0_1714385556792001_1714385550135000.csv,HRM4.DigiCam_OD0_1714385556793404_1714385550135000.csv,HRM5.DigiCam_OD0_1714385556763531_1714385550135000.csv,HRM6.DigiCam_OD0_1714385556765494_1714385550135000.csv
1714385576535000,,HRM3.DigiCam_OD0_1714385583191560_1714385576535000.csv,HRM4.DigiCam_OD0_1714385583193403_1714385576535000.csv,HRM5.DigiCam_OD0_1714385583163088_1714385576535000.csv,HRM6.DigiCam_OD0_1714385583165164_1714385576535000.csv
1714385602935000,,HRM3.DigiCam_OD0_1714385609592144_1714385602935000.csv,HRM4.DigiCam_OD0_1714385609593159_1714385602935000.csv,HRM5.DigiCam_OD0_1714385609562943_1714385602935000.csv,HRM6.DigiCam_OD0_1714385609565710_1714385602935000.csv
1714385629335000,,HRM3.DigiCam_OD0_1714385635991609_1714385629335000.csv,HRM4.DigiCam_OD0_1714385635992771_1714385629335000.csv,HRM5.DigiCam_OD0_1714385635963074_1714385629335000.csv,HRM6.DigiCam_OD0_1714385635965015_1714385629335000.csv
1714385655735000,,HRM3.DigiCam_OD0_1714385662392075_1714385655735000.csv,HRM4.DigiCam_OD0_1714385662393282_1714385655735000.csv,HRM5.DigiCam_OD0_1714385662363483_1714385655735000.csv,HRM6.DigiCam_OD0_1714385662365451_1714385655735000.csv
1714385682135000,,HRM3.DigiCam_OD0_1714385688791798_1714385682135000.csv,HRM4.DigiCam_OD0_1714385688798254_1714385682135000.csv,HRM5.DigiCam_OD0_1714385688763475_1714385682135000.csv,HRM6.DigiCam_OD0_1714385688765117_1714385682135000.csv
1714385708535000,,HRM3.DigiCam_OD0_1714385715191878_1714385708535000.csv,HRM4.DigiCam_OD0_1714385715193037_1714385708535000.csv,HRM5.DigiCam_OD0_1714385715163029_1714385708535000.csv,HRM6.DigiCam_OD0_1714385715164666_1714385708535000.csv
1714385734935000,,HRM3.DigiCam_OD0_1714385741591647_1714385734935000.csv,HRM4.DigiCam_OD0_1714385741592826_1714385734935000.csv,HRM5.DigiCam_OD0_1714385741562912_1714385734935000.csv,HRM6.DigiCam_OD0_1714385741565029_1714385734935000.csv
1714385761335000,,HRM3.DigiCam_OD0_1714385767991780_1714385761335000.csv,HRM4.DigiCam_OD0_1714385767993321_1714385761335000.csv,HRM5.DigiCam_OD0_1714385767963258_1714385761335000.csv,HRM6.DigiCam_OD0_1714385767965225_1714385761335000.csv
1714385787735000,,HRM3.DigiCam_OD0_1714385794391731_1714385787735000.csv,HRM4.DigiCam_OD0_1714385794393162_1714385787735000.csv,HRM5.DigiCam_OD0_1714385794362879_1714385787735000.csv,HRM6.DigiCam_OD0_1714385794364859_1714385787735000.csv
1714385814135000,,HRM3.DigiCam_OD0_1714385820791353_1714385814135000.csv,HRM4.DigiCam_OD0_1714385820792759_1714385814135000.csv,HRM5.DigiCam_OD0_1714385820763354_1714385814135000.csv,HRM6.DigiCam_OD0_1714385820765579_1714385814135000.csv
1714385840535000,,HRM3.DigiCam_OD0_1714385847191288_1714385840535000.csv,HRM4.DigiCam_OD0_1714385847192955_1714385840535000.csv,HRM5.DigiCam_OD0_1714385847163437_1714385840535000.csv,HRM6.DigiCam_OD0_1714385847165282_1714385840535000.csv
1714386183735000,,HRM3.DigiCam_OD0_1714386190391922_1714386183735000.csv,HRM4.DigiCam_OD0_1714386190392926_1714386183735000.csv,HRM5.DigiCam_OD0_1714386190363886_1714386183735000.csv,HRM6.DigiCam_OD0_1714386190365622_1714386183735000.csv
1714386210135000,,HRM3.DigiCam_OD0_1714386216791906_1714386210135000.csv,HRM4.DigiCam_OD0_1714386216792814_1714386210135000.csv,HRM5.DigiCam_OD0_1714386216763233_1714386210135000.csv,HRM6.DigiCam_OD0_1714386216765683_1714386210135000.csv
1714386236535000,,HRM3.DigiCam_OD0_1714386243191565_1714386236535000.csv,HRM4.DigiCam_OD0_1714386243193426_1714386236535000.csv,HRM5.DigiCam_OD0_1714386243162998_1714386236535000.csv,HRM6.DigiCam_OD0_1714386243164656_1714386236535000.csv
1714386262935000,,HRM3.DigiCam_OD0_1714386269592429_1714386262935000.csv,HRM4.DigiCam_OD0_1714386269593567_1714386262935000.csv,HRM5.DigiCam_OD0_1714386269563327_1714386262935000.csv,HRM6.DigiCam_OD0_1714386269565010_1714386262935000.csv
1714386289335000,,HRM3.DigiCam_OD0_1714386295991470_1714386289335000.csv,HRM4.DigiCam_OD0_1714386295992630_1714386289335000.csv,HRM5.DigiCam_OD0_1714386295963642_1714386289335000.csv,HRM6.DigiCam_OD0_1714386295965382_1714386289335000.csv
1714386421335000,,HRM3.DigiCam_OD0_1714386427991833_1714386421335000.csv,HRM4.DigiCam_OD0_1714386427992850_1714386421335000.csv,HRM5.DigiCam_OD0_1714386427962871_1714386421335000.csv,HRM6.DigiCam_OD0_1714386427965148_1714386421335000.csv
1714386447735000,,HRM3.DigiCam_OD0_1714386454391673_1714386447735000.csv,HRM4.DigiCam_OD0_1714386454393093_1714386447735000.csv,HRM5.DigiCam_OD0_1714386454362962_1714386447735000.csv,HRM6.DigiCam_OD0_1714386454365300_1714386447735000.csv
1714386474135000,,HRM3.DigiCam_OD0_1714386480791708_1714386474135000.csv,HRM4.DigiCam_OD0_1714386480792605_1714386474135000.csv,HRM5.DigiCam_OD0_1714386480762873_1714386474135000.csv,HRM6.DigiCam_OD0_1714386480765312_1714386474135000.csv
1714386500535000,,HRM3.DigiCam_OD0_1714386507191859_1714386500535000.csv,HRM4.DigiCam_OD0_1714386507192770_1714386500535000.csv,HRM5.DigiCam_OD0_1714386507163087_1714386500535000.csv,HRM6.DigiCam_OD0_1714386507165862_1714386500535000.csv
1714386526935000,,HRM3.DigiCam_OD0_1714386533591737_1714386526935000.csv,HRM4.DigiCam_OD0_1714386533593127_1714386526935000.csv,HRM5.DigiCam_OD0_1714386533563561_1714386526935000.csv,HRM6.DigiCam_OD0_1714386533565939_1714386526935000.csv
1714386553335000,,HRM3.DigiCam_OD0_1714386559991914_1714386553335000.csv,HRM4.DigiCam_OD0_1714386559993201_1714386553335000.csv,HRM5.DigiCam_OD0_1714386559962899_1714386553335000.csv,HRM6.DigiCam_OD0_1714386559965156_1714386553335000.csv
1714386579735000,,HRM3.DigiCam_OD0_1714386586391787_1714386579735000.csv,HRM4.DigiCam_OD0_1714386586393726_1714386579735000.csv,HRM5.DigiCam_OD0_1714386586363072_1714386579735000.csv,HRM6.DigiCam_OD0_1714386586365338_1714386579735000.csv
1714386606135000,,HRM3.DigiCam_OD0_1714386612791320_1714386606135000.csv,HRM4.DigiCam_OD0_1714386612792760_1714386606135000.csv,HRM5.DigiCam_OD0_1714386612763328_1714386606135000.csv,HRM6.DigiCam_OD0_1714386612765772_1714386606135000.csv
1714386632535000,,HRM3.DigiCam_OD0_1714386639191251_1714386632535000.csv,HRM4.DigiCam_OD0_1714386639192379_1714386632535000.csv,HRM5.DigiCam_OD0_1714386639163003_1714386632535000.csv,HRM6.DigiCam_OD0_1714386639165097_1714386632535000.csv
1714386658935000,,HRM3.DigiCam_OD0_1714386665591576_1714386658935000.csv,HRM4.DigiCam_OD0_1714386665593501_1714386658935000.csv,HRM5.DigiCam_OD0_1714386665562898_1714386658935000.csv,HRM6.DigiCam_OD0_1714386665564885_1714386658935000.csv
1714386685335000,,HRM3.DigiCam_OD0_1714386691991827_1714386685335000.csv,HRM4.DigiCam_OD0_1714386691992717_1714386685335000.csv,HRM5.DigiCam_OD0_1714386691963555_1714386685335000.csv,HRM6.DigiCam_OD0_1714386691965508_1714386685335000.csv
1714386711735000,,HRM3.DigiCam_OD0_1714386718391689_1714386711735000.csv,HRM4.DigiCam_OD0_1714386718392440_1714386711735000.csv,HRM5.DigiCam_OD0_1714386718363351_1714386711735000.csv,HRM6.DigiCam_OD0_1714386718365793_1714386711735000.csv
1714386738135000,,HRM3.DigiCam_OD0_1714386744791648_1714386738135000.csv,HRM4.DigiCam_OD0_1714386744792836_1714386738135000.csv,HRM5.DigiCam_OD0_1714386744763592_1714386738135000.csv,HRM6.DigiCam_OD0_1714386744765477_1714386738135000.csv
1714386764535000,,HRM3.DigiCam_OD0_1714386771191818_1714386764535000.csv,HRM4.DigiCam_OD0_1714386771192845_1714386764535000.csv,HRM5.DigiCam_OD0_1714386771163333_1714386764535000.csv,HRM6.DigiCam_OD0_1714386771165205_1714386764535000.csv
1714386790935000,,HRM3.DigiCam_OD0_1714386797591544_1714386790935000.csv,HRM4.DigiCam_OD0_1714386797592986_1714386790935000.csv,HRM5.DigiCam_OD0_1714386797563631_1714386790935000.csv,HRM6.DigiCam_OD0_1714386797565215_1714386790935000.csv
1714386817335000,,HRM3.DigiCam_OD0_1714386823992141_1714386817335000.csv,HRM4.DigiCam_OD0_1714386823992829_1714386817335000.csv,HRM5.DigiCam_OD0_1714386823963156_1714386817335000.csv,HRM6.DigiCam_OD0_1714386823965560_1714386817335000.csv
1714386843735000,,HRM3.DigiCam_OD0_1714386850391863_1714386843735000.csv,HRM4.DigiCam_OD0_1714386850393033_1714386843735000.csv,HRM5.DigiCam_OD0_1714386850363359_1714386843735000.csv,HRM6.DigiCam_OD0_1714386850365502_1714386843735000.csv
1714386870135000,,HRM3.DigiCam_OD0_1714386876791723_1714386870135000.csv,HRM4.DigiCam_OD0_1714386876792847_1714386870135000.csv,HRM5.DigiCam_OD0_1714386876763168_1714386870135000.csv,HRM6.DigiCam_OD0_1714386876765161_1714386870135000.csv
1714386896535000,,HRM3.DigiCam_OD0_1714386903191609_1714386896535000.csv,HRM4.DigiCam_OD0_1714386903192997_1714386896535000.csv,HRM5.DigiCam_OD0_1714386903163169_1714386896535000.csv,HRM6.DigiCam_OD0_1714386903165166_1714386896535000.csv
1714386922935000,,HRM3.DigiCam_OD0_1714386929591745_1714386922935000.csv,HRM4.DigiCam_OD0_1714386929593292_1714386922935000.csv,HRM5.DigiCam_OD0_1714386929563182_1714386922935000.csv,HRM6.DigiCam_OD0_1714386929565732_1714386922935000.csv
1714386949335000,,HRM3.DigiCam_OD0_1714386955991639_1714386949335000.csv,HRM4.DigiCam_OD0_1714386955992798_1714386949335000.csv,HRM5.DigiCam_OD0_1714386955963236_1714386949335000.csv,HRM6.DigiCam_OD0_1714386955965825_1714386949335000.csv
1714386975735000,,HRM3.DigiCam_OD0_1714386982391272_1714386975735000.csv,HRM4.DigiCam_OD0_1714386982392561_1714386975735000.csv,HRM5.DigiCam_OD0_1714386982363103_1714386975735000.csv,HRM6.DigiCam_OD0_1714386982365356_1714386975735000.csv
1714387002135000,,HRM3.DigiCam_OD0_1714387008791607_1714387002135000.csv,HRM4.DigiCam_OD0_1714387008793458_1714387002135000.csv,HRM5.DigiCam_OD0_1714387008763652_1714387002135000.csv,HRM6.DigiCam_OD0_1714387008765299_1714387002135000.csv
1714387028535000,,HRM3.DigiCam_OD0_1714387035191649_1714387028535000.csv,HRM4.DigiCam_OD0_1714387035192687_1714387028535000.csv,HRM5.DigiCam_OD0_1714387035163068_1714387028535000.csv,HRM6.DigiCam_OD0_1714387035164970_1714387028535000.csv
1714387054935000,,HRM3.DigiCam_OD0_1714387061591337_1714387054935000.csv,HRM4.DigiCam_OD0_1714387061592591_1714387054935000.csv,HRM5.DigiCam_OD0_1714387061562884_1714387054935000.csv,HRM6.DigiCam_OD0_1714387061564833_1714387054935000.csv
1714387081335000,,HRM3.DigiCam_OD0_1714387087991435_1714387081335000.csv,HRM4.DigiCam_OD0_1714387087992744_1714387081335000.csv,HRM5.DigiCam_OD0_1714387087963173_1714387081335000.csv,HRM6.DigiCam_OD0_1714387087964992_1714387081335000.csv
1714387107735000,,HRM3.DigiCam_OD0_1714387114392209_1714387107735000.csv,HRM4.DigiCam_OD0_1714387114393635_1714387107735000.csv,HRM5.DigiCam_OD0_1714387114363221_1714387107735000.csv,HRM6.DigiCam_OD0_1714387114365071_1714387107735000.csv
1714387134135000,,HRM3.DigiCam_OD0_1714387140791820_1714387134135000.csv,HRM4.DigiCam_OD0_1714387140792891_1714387134135000.csv,HRM5.DigiCam_OD0_1714387140763398_1714387134135000.csv,HRM6.DigiCam_OD0_1714387140765256_1714387134135000.csv
1714387160535000,,HRM3.DigiCam_OD0_1714387167191861_1714387160535000.csv,HRM4.DigiCam_OD0_1714387167193039_1714387160535000.csv,HRM5.DigiCam_OD0_1714387167163186_1714387160535000.csv,HRM6.DigiCam_OD0_1714387167165469_1714387160535000.csv
1714387186935000,,HRM3.DigiCam_OD0_1714387193592062_1714387186935000.csv,HRM4.DigiCam_OD0_1714387193593089_1714387186935000.csv,HRM5.DigiCam_OD0_1714387193563289_1714387186935000.csv,HRM6.DigiCam_OD0_1714387193565074_1714387186935000.csv
1714387213335000,,HRM3.DigiCam_OD0_1714387219990982_1714387213335000.csv,HRM4.DigiCam_OD0_1714387219992540_1714387213335000.csv,HRM5.DigiCam_OD0_1714387219963041_1714387213335000.csv,HRM6.DigiCam_OD0_1714387219965226_1714387213335000.csv
1714387239735000,,HRM3.DigiCam_OD0_1714387246392067_1714387239735000.csv,HRM4.DigiCam_OD0_1714387246393782_1714387239735000.csv,HRM5.DigiCam_OD0_1714387246363348_1714387239735000.csv,HRM6.DigiCam_OD0_1714387246365354_1714387239735000.csv
1714387266135000,,HRM3.DigiCam_OD0_1714387272791633_1714387266135000.csv,HRM4.DigiCam_OD0_1714387272792948_1714387266135000.csv,HRM5.DigiCam_OD0_1714387272763141_1714387266135000.csv,HRM6.DigiCam_OD0_1714387272764981_1714387266135000.csv
1714387292535000,,HRM3.DigiCam_OD0_1714387299191675_1714387292535000.csv,HRM4.DigiCam_OD0_1714387299192941_1714387292535000.csv,HRM5.DigiCam_OD0_1714387299163146_1714387292535000.csv,HRM6.DigiCam_OD0_1714387299165208_1714387292535000.csv
1714387318935000,,HRM3.DigiCam_OD0_1714387325592292_1714387318935000.csv,HRM4.DigiCam_OD0_1714387325593572_1714387318935000.csv,HRM5.DigiCam_OD0_1714387325563235_1714387318935000.csv,HRM6.DigiCam_OD0_1714387325565408_1714387318935000.csv
1714387345335000,,HRM3.DigiCam_OD0_1714387351991961_1714387345335000.csv,HRM4.DigiCam_OD0_1714387351993185_1714387345335000.csv,HRM5.DigiCam_OD0_1714387351963085_1714387345335000.csv,HRM6.DigiCam_OD0_1714387351965344_1714387345335000.csv
1714387371735000,,HRM3.DigiCam_OD0_1714387378392194_1714387371735000.csv,HRM4.DigiCam_OD0_1714387378393368_1714387371735000.csv,HRM5.DigiCam_OD0_1714387378363145_1714387371735000.csv,HRM6.DigiCam_OD0_1714387378365519_1714387371735000.csv
1714387398135000,,HRM3.DigiCam_OD0_1714387404791778_1714387398135000.csv,HRM4.DigiCam_OD0_1714387404793196_1714387398135000.csv,HRM5.DigiCam_OD0_1714387404763285_1714387398135000.csv,HRM6.DigiCam_OD0_1714387404765189_1714387398135000.csv
1714387424535000,,HRM3.DigiCam_OD0_1714387431191851_1714387424535000.csv,HRM4.DigiCam_OD0_1714387431192951_1714387424535000.csv,HRM5.DigiCam_OD0_1714387431162980_1714387424535000.csv,HRM6.DigiCam_OD0_1714387431165080_1714387424535000.csv
1714387450935000,,HRM3.DigiCam_OD0_1714387457591916_1714387450935000.csv,HRM4.DigiCam_OD0_1714387457593084_1714387450935000.csv,HRM5.DigiCam_OD0_1714387457563395_1714387450935000.csv,HRM6.DigiCam_OD0_1714387457565519_1714387450935000.csv
1714387477335000,,HRM3.DigiCam_OD0_1714387483991276_1714387477335000.csv,HRM4.DigiCam_OD0_1714387483993355_1714387477335000.csv,HRM5.DigiCam_OD0_1714387483963520_1714387477335000.csv,HRM6.DigiCam_OD0_1714387483965255_1714387477335000.csv
1714387503735000,,HRM3.DigiCam_OD0_1714387510391523_1714387503735000.csv,HRM4.DigiCam_OD0_1714387510392551_1714387503735000.csv,HRM5.DigiCam_OD0_1714387510362864_1714387503735000.csv,HRM6.DigiCam_OD0_1714387510364973_1714387503735000.csv
1714387662135000,,HRM3.DigiCam_OD0_1714387668791372_1714387662135000.csv,HRM4.DigiCam_OD0_1714387668796527_1714387662135000.csv,HRM5.DigiCam_OD0_1714387668763522_1714387662135000.csv,HRM6.DigiCam_OD0_1714387668765917_1714387662135000.csv
1714387688535000,,HRM3.DigiCam_OD0_1714387695191286_1714387688535000.csv,HRM4.DigiCam_OD0_1714387695192803_1714387688535000.csv,HRM5.DigiCam_OD0_1714387695163476_1714387688535000.csv,HRM6.DigiCam_OD0_1714387695165359_1714387688535000.csv
1714387714935000,,HRM3.DigiCam_OD0_1714387721591821_1714387714935000.csv,HRM4.DigiCam_OD0_1714387721592912_1714387714935000.csv,HRM5.DigiCam_OD0_1714387721563531_1714387714935000.csv,HRM6.DigiCam_OD0_1714387721565539_1714387714935000.csv
1714387741335000,,HRM3.DigiCam_OD0_1714387747992056_1714387741335000.csv,HRM4.DigiCam_OD0_1714387747993347_1714387741335000.csv,HRM5.DigiCam_OD0_1714387747963014_1714387741335000.csv,HRM6.DigiCam_OD0_1714387747965006_1714387741335000.csv
1714387767735000,,HRM3.DigiCam_OD0_1714387774391920_1714387767735000.csv,HRM4.DigiCam_OD0_1714387774393476_1714387767735000.csv,HRM5.DigiCam_OD0_1714387774363029_1714387767735000.csv,HRM6.DigiCam_OD0_1714387774365144_1714387767735000.csv
1714387794135000,,HRM3.DigiCam_OD0_1714387800792115_1714387794135000.csv,HRM4.DigiCam_OD0_1714387800792763_1714387794135000.csv,HRM5.DigiCam_OD0_1714387800763004_1714387794135000.csv,HRM6.DigiCam_OD0_1714387800764996_1714387794135000.csv
1714387820535000,,HRM3.DigiCam_OD0_1714387827192338_1714387820535000.csv,HRM4.DigiCam_OD0_1714387827193747_1714387820535000.csv,HRM5.DigiCam_OD0_1714387827163527_1714387820535000.csv,HRM6.DigiCam_OD0_1714387827165461_1714387820535000.csv
1714387846935000,,HRM3.DigiCam_OD0_1714387853591339_1714387846935000.csv,HRM4.DigiCam_OD0_1714387853592391_1714387846935000.csv,HRM5.DigiCam_OD0_1714387853563237_1714387846935000.csv,HRM6.DigiCam_OD0_1714387853564908_1714387846935000.csv
1714387873335000,,HRM3.DigiCam_OD0_1714387879991509_1714387873335000.csv,HRM4.DigiCam_OD0_1714387879993176_1714387873335000.csv,HRM5.DigiCam_OD0_1714387879963071_1714387873335000.csv,HRM6.DigiCam_OD0_1714387879965214_1714387873335000.csv
1714387899735000,,HRM3.DigiCam_OD0_1714387906392123_1714387899735000.csv,HRM4.DigiCam_OD0_1714387906393413_1714387899735000.csv,HRM5.DigiCam_OD0_1714387906363201_1714387899735000.csv,HRM6.DigiCam_OD0_1714387906365731_1714387899735000.csv
1714387926135000,,HRM3.DigiCam_OD0_1714387932792336_1714387926135000.csv,HRM4.DigiCam_OD0_1714387932793252_1714387926135000.csv,HRM5.DigiCam_OD0_1714387932763441_1714387926135000.csv,HRM6.DigiCam_OD0_1714387932765645_1714387926135000.csv
1714387952535000,,HRM3.DigiCam_OD0_1714387959191515_1714387952535000.csv,HRM4.DigiCam_OD0_1714387959192530_1714387952535000.csv,HRM5.DigiCam_OD0_1714387959163170_1714387952535000.csv,HRM6.DigiCam_OD0_1714387959165493_1714387952535000.csv
1714387978935000,,HRM3.DigiCam_OD0_1714387985591720_1714387978935000.csv,HRM4.DigiCam_OD0_1714387985593205_1714387978935000.csv,HRM5.DigiCam_OD0_1714387985563571_1714387978935000.csv,HRM6.DigiCam_OD0_1714387985565527_1714387978935000.csv
1714388005335000,,HRM3.DigiCam_OD0_1714388011991873_1714388005335000.csv,HRM4.DigiCam_OD0_1714388011993283_1714388005335000.csv,HRM5.DigiCam_OD0_1714388011963280_1714388005335000.csv,HRM6.DigiCam_OD0_1714388011965287_1714388005335000.csv
1714388031735000,,HRM3.DigiCam_OD0_1714388038391974_1714388031735000.csv,HRM4.DigiCam_OD0_1714388038393274_1714388031735000.csv,HRM5.DigiCam_OD0_1714388038363201_1714388031735000.csv,HRM6.DigiCam_OD0_1714388038365205_1714388031735000.csv
1714388058135000,,HRM3.DigiCam_OD0_1714388064791581_1714388058135000.csv,HRM4.DigiCam_OD0_1714388064793005_1714388058135000.csv,HRM5.DigiCam_OD0_1714388064762954_1714388058135000.csv,HRM6.DigiCam_OD0_1714388064765335_1714388058135000.csv
1714388084535000,,HRM3.DigiCam_OD0_1714388091192138_1714388084535000.csv,HRM4.DigiCam_OD0_1714388091193261_1714388084535000.csv,HRM5.DigiCam_OD0_1714388091163402_1714388084535000.csv,HRM6.DigiCam_OD0_1714388091165405_1714388084535000.csv
1714388110935000,,HRM3.DigiCam_OD0_1714388117591796_1714388110935000.csv,HRM4.DigiCam_OD0_1714388117592944_1714388110935000.csv,HRM5.DigiCam_OD0_1714388117563331_1714388110935000.csv,HRM6.DigiCam_OD0_1714388117565274_1714388110935000.csv
1714388137335000,,HRM3.DigiCam_OD0_1714388143991385_1714388137335000.csv,HRM4.DigiCam_OD0_1714388143992820_1714388137335000.csv,HRM5.DigiCam_OD0_1714388143963336_1714388137335000.csv,HRM6.DigiCam_OD0_1714388143965276_1714388137335000.csv
1714388163735000,,HRM3.DigiCam_OD0_1714388170391626_1714388163735000.csv,HRM4.DigiCam_OD0_1714388170393336_1714388163735000.csv,HRM5.DigiCam_OD0_1714388170363443_1714388163735000.csv,HRM6.DigiCam_OD0_1714388170365483_1714388163735000.csv
1714388190135000,,HRM3.DigiCam_OD0_1714388196791691_1714388190135000.csv,HRM4.DigiCam_OD0_1714388196793091_1714388190135000.csv,HRM5.DigiCam_OD0_1714388196763297_1714388190135000.csv,HRM6.DigiCam_OD0_1714388196765159_1714388190135000.csv
1714388216535000,,HRM3.DigiCam_OD0_1714388223191589_1714388216535000.csv,HRM4.DigiCam_OD0_1714388223193003_1714388216535000.csv,HRM5.DigiCam_OD0_1714388223163684_1714388216535000.csv,HRM6.DigiCam_OD0_1714388223165015_1714388216535000.csv
1714388242935000,,HRM3.DigiCam_OD0_1714388249591554_1714388242935000.csv,HRM4.DigiCam_OD0_1714388249592576_1714388242935000.csv,HRM5.DigiCam_OD0_1714388249563080_1714388242935000.csv,HRM6.DigiCam_OD0_1714388249565116_1714388242935000.csv
1714388269335000,,HRM3.DigiCam_OD0_1714388275991476_1714388269335000.csv,HRM4.DigiCam_OD0_1714388275993038_1714388269335000.csv,HRM5.DigiCam_OD0_1714388275963192_1714388269335000.csv,HRM6.DigiCam_OD0_1714388275965017_1714388269335000.csv
1714388295735000,,HRM3.DigiCam_OD0_1714388302391597_1714388295735000.csv,HRM4.DigiCam_OD0_1714388302392791_1714388295735000.csv,HRM5.DigiCam_OD0_1714388302363041_1714388295735000.csv,HRM6.DigiCam_OD0_1714388302365156_1714388295735000.csv
1714388322135000,,HRM3.DigiCam_OD0_1714388328791519_1714388322135000.csv,HRM4.DigiCam_OD0_1714388328796681_1714388322135000.csv,HRM5.DigiCam_OD0_1714388328763302_1714388322135000.csv,HRM6.DigiCam_OD0_1714388328765180_1714388322135000.csv
1714388348535000,,HRM3.DigiCam_OD0_1714388355191706_1714388348535000.csv,HRM4.DigiCam_OD0_1714388355193124_1714388348535000.csv,HRM5.DigiCam_OD0_1714388355163434_1714388348535000.csv,HRM6.DigiCam_OD0_1714388355165761_1714388348535000.csv
1714388374935000,,HRM3.DigiCam_OD0_1714388381591799_1714388374935000.csv,HRM4.DigiCam_OD0_1714388381592955_1714388374935000.csv,HRM5.DigiCam_OD0_1714388381563381_1714388374935000.csv,HRM6.DigiCam_OD0_1714388381565518_1714388374935000.csv
1714388401335000,,HRM3.DigiCam_OD0_1714388407991894_1714388401335000.csv,HRM4.DigiCam_OD0_1714388407992813_1714388401335000.csv,HRM5.DigiCam_OD0_1714388407963317_1714388401335000.csv,HRM6.DigiCam_OD0_1714388407965375_1714388401335000.csv
1714388427735000,,HRM3.DigiCam_OD0_1714388434392198_1714388427735000.csv,HRM4.DigiCam_OD0_1714388434394161_1714388427735000.csv,HRM5.DigiCam_OD0_1714388434363332_1714388427735000.csv,HRM6.DigiCam_OD0_1714388434365335_1714388427735000.csv
1714388454135000,,HRM3.DigiCam_OD0_1714388460791843_1714388454135000.csv,HRM4.DigiCam_OD0_1714388460793408_1714388454135000.csv,HRM5.DigiCam_OD0_1714388460763408_1714388454135000.csv,HRM6.DigiCam_OD0_1714388460765438_1714388454135000.csv
1714388480535000,,HRM3.DigiCam_OD0_1714388487192057_1714388480535000.csv,HRM4.DigiCam_OD0_1714388487193494_1714388480535000.csv,HRM5.DigiCam_OD0_1714388487163451_1714388480535000.csv,HRM6.DigiCam_OD0_1714388487165478_1714388480535000.csv
1714388506935000,,HRM3.DigiCam_OD0_1714388513591557_1714388506935000.csv,HRM4.DigiCam_OD0_1714388513592850_1714388506935000.csv,HRM5.DigiCam_OD0_1714388513563173_1714388506935000.csv,HRM6.DigiCam_OD0_1714388513565080_1714388506935000.csv
1714388533335000,,HRM3.DigiCam_OD0_1714388539991664_1714388533335000.csv,HRM4.DigiCam_OD0_1714388539993202_1714388533335000.csv,HRM5.DigiCam_OD0_1714388539963604_1714388533335000.csv,HRM6.DigiCam_OD0_1714388539965817_1714388533335000.csv
1714388559735000,,HRM3.DigiCam_OD0_1714388566391566_1714388559735000.csv,HRM4.DigiCam_OD0_1714388566392201_1714388559735000.csv,HRM5.DigiCam_OD0_1714388566363240_1714388559735000.csv,HRM6.DigiCam_OD0_1714388566365441_1714388559735000.csv
1714388612535000,,HRM3.DigiCam_OD0_1714388619192251_1714388612535000.csv,HRM4.DigiCam_OD0_1714388619193384_1714388612535000.csv,HRM5.DigiCam_OD0_1714388619163374_1714388612535000.csv,HRM6.DigiCam_OD0_1714388619165249_1714388612535000.csv
1714388691735000,,HRM3.DigiCam_OD0_1714388698391643_1714388691735000.csv,HRM4.DigiCam_OD0_1714388698392708_1714388691735000.csv,HRM5.DigiCam_OD0_1714388698363225_1714388691735000.csv,HRM6.DigiCam_OD0_1714388698364972_1714388691735000.csv
1714388718135000,,HRM3.DigiCam_OD0_1714388724791889_1714388718135000.csv,HRM4.DigiCam_OD0_1714388724793281_1714388718135000.csv,HRM5.DigiCam_OD0_1714388724763268_1714388718135000.csv,HRM6.DigiCam_OD0_1714388724765500_1714388718135000.csv
1714392678135000,1,,,,
1714393285335000,,HRM3.DigiCam_OD2_1714393291991543_1714393285335000.csv,HRM4.DigiCam_OD2_1714393291993083_1714393285335000.csv,HRM5.DigiCam_OD0_1714393291963773_1714393285335000.csv,HRM6.DigiCam_OD0_1714393291965602_1714393285335000.csv
1714393707735000,2,HRM3.DigiCam_OD2_1714393714391613_1714393707735000.csv,HRM4.DigiCam_OD2_1714393714393072_1714393707735000.csv,HRM5.DigiCam_OD0_1714393714362996_1714393707735000.csv,HRM6.DigiCam_OD0_1714393714365346_1714393707735000.csv
1714394156535000,3,HRM3.DigiCam_OD1_1714394163191827_1714394156535000.csv,HRM4.DigiCam_OD1_1714394163192971_1714394156535000.csv,HRM5.DigiCam_OD0_1714394163163123_1714394156535000.csv,HRM6.DigiCam_OD0_1714394163165017_1714394156535000.csv
1714394658135000,4,HRM3.DigiCam_OD2_1714394664791631_1714394658135000.csv,HRM4.DigiCam_OD2_1714394664792778_1714394658135000.csv,HRM5.DigiCam_OD0_1714394664763332_1714394658135000.csv,HRM6.DigiCam_OD0_1714394664765401_1714394658135000.csv
1714395159735000,5,HRM3.DigiCam_OD2_1714395166391593_1714395159735000.csv,HRM4.DigiCam_OD2_1714395166392483_1714395159735000.csv,HRM5.DigiCam_OD0_1714395166363231_1714395159735000.csv,HRM6.DigiCam_OD0_1714395166365188_1714395159735000.csv
1714395687735000,6,HRM3.DigiCam_OD1_1714395694391481_1714395687735000.csv,HRM4.DigiCam_OD1_1714395694392917_1714395687735000.csv,HRM5.DigiCam_OD0_1714395694363073_1714395687735000.csv,HRM6.DigiCam_OD0_1714395694365285_1714395687735000.csv
1714408458135000,7,HRM3.DigiCam_OD0_1714408464792045_1714408458135000.csv,HRM4.DigiCam_OD0_1714408464793433_1714408458135000.csv,HRM5.DigiCam_OD0_1714408464763321_1714408458135000.csv,HRM6.DigiCam_OD0_1714408464765504_1714408458135000.csv
1714409118135000,8,HRM3.DigiCam_OD0_1714409124791673_1714409118135000.csv,HRM4.DigiCam_OD0_1714409124793586_1714409118135000.csv,HRM5.DigiCam_OD0_1714409124763465_1714409118135000.csv,HRM6.DigiCam_OD0_1714409124765525_1714409118135000.csv
1714410385335000,9,HRM3.DigiCam_OD0_1714410391991845_1714410385335000.csv,HRM4.DigiCam_OD0_1714410391993407_1714410385335000.csv,HRM5.DigiCam_OD0_1714410391963476_1714410385335000.csv,HRM6.DigiCam_OD0_1714410391965254_1714410385335000.csv
1714410754935000,10,HRM3.DigiCam_OD0_1714410761591564_1714410754935000.csv,HRM4.DigiCam_OD0_1714410761592984_1714410754935000.csv,HRM5.DigiCam_OD0_1714410761563052_1714410754935000.csv,HRM6.DigiCam_OD0_1714410761565166_1714410754935000.csv
1714411230135000,11,HRM3.DigiCam_OD0_1714411236791585_1714411230135000.csv,HRM4.DigiCam_OD0_1714411236793042_1714411230135000.csv,HRM5.DigiCam_OD0_1714411236763269_1714411230135000.csv,HRM6.DigiCam_OD0_1714411236765132_1714411230135000.csv
1714411494135000,12,HRM3.DigiCam_OD0_1714411500791498_1714411494135000.csv,HRM4.DigiCam_OD0_1714411500793188_1714411494135000.csv,HRM5.DigiCam_OD0_1714411500763387_1714411494135000.csv,HRM6.DigiCam_OD0_1714411500765189_1714411494135000.csv
1714411599735000,13,HRM3.DigiCam_OD0_1714411606391656_1714411599735000.csv,HRM4.DigiCam_OD0_1714411606393106_1714411599735000.csv,HRM5.DigiCam_OD0_1714411606363527_1714411599735000.csv,HRM6.DigiCam_OD0_1714411606365237_1714411599735000.csv
1714413896535000,,,HRM4.DigiCam_OD1_1714413903193385_1714413896535000.csv,HRM5.DigiCam_OD0_1714413903163201_1714413896535000.csv,
1714413922935000,14,HRM3.DigiCam_OD1_1714413929591310_1714413922935000.csv,,,HRM6.DigiCam_OD0_1714413929565333_1714413922935000.csv
1714414741335000,,HRM3.DigiCam_OD1_1714414747992669_1714414741335000.csv,HRM4.DigiCam_OD1_1714414747993606_1714414741335000.csv,,
1714414767735000,15,,,HRM5.DigiCam_OD0_1714414774363112_1714414767735000.csv,HRM6.DigiCam_OD0_1714414774365026_1714414767735000.csv
1714415137335000,,,HRM4.DigiCam_OD0_1714415143992842_1714415137335000.csv,,
1714415163735000,16,,,HRM5.DigiCam_OD0_1714415170363057_1714415163735000.csv,HRM6.DigiCam_OD0_1714415170364934_1714415163735000.csv
1714416298935000,,,,HRM5.DigiCam_OD0_1714416305563068_1714416298935000.csv,
1714416325335000,17,,HRM4.DigiCam_OD1_1714416331992816_1714416325335000.csv,,HRM6.DigiCam_OD0_1714416331965780_1714416325335000.csv
1714416351735000,,,,HRM5.DigiCam_OD0_1714416358363161_1714416351735000.csv,
1714416958935000,,,,HRM5.DigiCam_OD0_1714416965563037_1714416958935000.csv,
1714416985335000,18,HRM3.DigiCam_OD1_1714416991991339_1714416985335000.csv,HRM4.DigiCam_OD0_1714416991992373_1714416985335000.csv,,HRM6.DigiCam_OD0_1714416991965280_1714416985335000.csv
1714417354935000,19,HRM3.DigiCam_OD1_1714417361591765_1714417354935000.csv,HRM4.DigiCam_OD0_1714417361593546_1714417354935000.csv,HRM5.DigiCam_OD0_1714417361563606_1714417354935000.csv,HRM6.DigiCam_OD0_1714417361565606_1714417354935000.csv
1714417830135000,,,,HRM5.DigiCam_OD0_1714417836763025_1714417830135000.csv,HRM6.DigiCam_OD0_1714417836764950_1714417830135000.csv
1714417856535000,20,HRM3.DigiCam_OD1_1714417863191392_1714417856535000.csv,HRM4.DigiCam_OD0_1714417863192269_1714417856535000.csv,,
1714491435735000,21,HRM3.DigiCam_OD0_1714491442391884_1714491435735000.csv,HRM4.DigiCam_OD0_1714491442392814_1714491435735000.csv,HRM5.DigiCam_OD0_1714491442363254_1714491435735000.csv,HRM6.DigiCam_OD0_1714491442365382_1714491435735000.csv
1714492782135000,22,HRM3.DigiCam_OD0_1714492788791904_1714492782135000.csv,HRM4.DigiCam_OD0_1714492788803264_1714492782135000.csv,HRM5.DigiCam_OD0_1714492788763776_1714492782135000.csv,HRM6.DigiCam_OD0_1714492788765746_1714492782135000.csv
1714492986135000,,,HRM4.DigiCam_OD0_1714492992793661_1714492986135000.csv,,
1714493026935000,23,HRM3.DigiCam_OD0_1714493033591573_1714493026935000.csv,,HRM5.DigiCam_OD0_1714493033563291_1714493026935000.csv,HRM6.DigiCam_OD0_1714493033565391_1714493026935000.csv
1714493053335000,,,,,HRM6.DigiCam_OD0_1714493055363386_1714493053335000.csv
1714493190135000,24,HRM3.DigiCam_OD0_1714493196791723_1714493190135000.csv,HRM4.DigiCam_OD0_1714493196793294_1714493190135000.csv,HRM5.DigiCam_OD0_1714493196763489_1714493190135000.csv,HRM6.DigiCam_OD0_1714493196766107_1714493190135000.csv
1714493312535000,25,HRM3.DigiCam_OD0_1714493319191565_1714493312535000.csv,HRM4.DigiCam_OD0_1714493319192732_1714493312535000.csv,HRM5.DigiCam_OD0_1714493319163472_1714493312535000.csv,HRM6.DigiCam_OD0_1714493319165617_1714493312535000.csv
1714493353335000,26,HRM3.DigiCam_OD0_1714493359991704_1714493353335000.csv,HRM4.DigiCam_OD0_1714493359993402_1714493353335000.csv,HRM5.DigiCam_OD0_1714493359963198_1714493353335000.csv,HRM6.DigiCam_OD0_1714493359965274_1714493353335000.csv
1714493394135000,27,HRM3.DigiCam_OD0_1714493400791799_1714493394135000.csv,HRM4.DigiCam_OD0_1714493400792677_1714493394135000.csv,HRM5.DigiCam_OD0_1714493400763282_1714493394135000.csv,HRM6.DigiCam_OD0_1714493400765025_1714493394135000.csv
1714493802135000,,,,HRM5.DigiCam_OD0_1714493808763388_1714493802135000.csv,
1714493842935000,28,HRM3.DigiCam_OD1_1714493849591668_1714493842935000.csv,HRM4.DigiCam_OD1_1714493849592703_1714493842935000.csv,,HRM6.DigiCam_OD0_1714493849565401_1714493842935000.csv
1714494046935000,,,,HRM5.DigiCam_OD0_1714494053563068_1714494046935000.csv,
1714494087735000,29,HRM3.DigiCam_OD1_1714494094391629_1714494087735000.csv,HRM4.DigiCam_OD1_1714494094392732_1714494087735000.csv,,HRM6.DigiCam_OD0_1714494094365432_1714494087735000.csv
1714515219735000,30,HRM3.DigiCam_OD0_1714515226392095_1714515219735000.csv,HRM4.DigiCam_OD0_1714515226393757_1714515219735000.csv,HRM5.DigiCam_OD0_1714515226363394_1714515219735000.csv,HRM6.DigiCam_OD0_1714515226365280_1714515219735000.csv
1714515382935000,31,HRM3.DigiCam_OD0_1714515389591503_1714515382935000.csv,HRM4.DigiCam_OD0_1714515389593188_1714515382935000.csv,HRM5.DigiCam_OD0_1714515389563489_1714515382935000.csv,HRM6.DigiCam_OD0_1714515389565727_1714515382935000.csv
1714515668535000,32,HRM3.DigiCam_OD0_1714515675191715_1714515668535000.csv,HRM4.DigiCam_OD0_1714515675192845_1714515668535000.csv,HRM5.DigiCam_OD0_1714515675163272_1714515668535000.csv,HRM6.DigiCam_OD0_1714515675165172_1714515668535000.csv
1714515994935000,33,HRM3.DigiCam_OD0_1714516001591525_1714515994935000.csv,HRM4.DigiCam_OD0_1714516001592437_1714515994935000.csv,HRM5.DigiCam_OD0_1714516001563195_1714515994935000.csv,HRM6.DigiCam_OD0_1714516001565131_1714515994935000.csv
1714516117335000,34,HRM3.DigiCam_OD0_1714516123991440_1714516117335000.csv,HRM4.DigiCam_OD0_1714516123992487_1714516117335000.csv,HRM5.DigiCam_OD0_1714516123963254_1714516117335000.csv,HRM6.DigiCam_OD0_1714516123965220_1714516117335000.csv
1714516158135000,35,HRM3.DigiCam_OD0_1714516164791653_1714516158135000.csv,HRM4.DigiCam_OD0_1714516164793183_1714516158135000.csv,HRM5.DigiCam_OD0_1714516164763458_1714516158135000.csv,HRM6.DigiCam_OD0_1714516164765212_1714516158135000.csv
1714516280535000,36,HRM3.DigiCam_OD0_1714516287191203_1714516280535000.csv,HRM4.DigiCam_OD0_1714516287192499_1714516280535000.csv,HRM5.DigiCam_OD0_1714516287163049_1714516280535000.csv,HRM6.DigiCam_OD0_1714516287165119_1714516280535000.csv
1714517055735000,,,HRM4.DigiCam_OD1_17145ÃŸ17062393317_1714517055735000.csv,,
1714517096535000,37,HRM3.DigiCam_OD1_1714517103192220_1714517096535000.csv,,HRM5.DigiCam_OD0_1714517103163593_1714517096535000.csv,HRM6.DigiCam_OD0_1714517103165398_1714517096535000.csv
1714517122935000,,,,,HRM6.DigiCam_OD0_1714517125363678_1714517122935000.csv
1714517259735000,,,,HRM5.DigiCam_OD0_1714517266363161_1714517259735000.csv,
1714517300535000,38,HRM3.DigiCam_OD1_1714517307191419_1714517300535000.csv,HRM4.DigiCam_OD1_1714517307192824_1714517300535000.csv,,HRM6.DigiCam_OD0_1714517307165302_1714517300535000.csv
1714517326935000,,HRM3.DigiCam_OD1_1714517328763903_1714517326935000.csv,,HRM5.DigiCam_OD0_1714517334205727_1714517326935000.csv,
1714517422935000,,,,HRM5.DigiCam_OD0_1714517429562914_1714517422935000.csv,
1714517463735000,39,HRM3.DigiCam_OD1_1714517470390917_1714517463735000.csv,HRM4.DigiCam_OD1_1714517470392195_1714517463735000.csv,,HRM6.DigiCam_OD0_1714517470364709_1714517463735000.csv
1714517490135000,,HRM3.DigiCam_OD1_1714517493763829_1714517490135000.csv,,HRM5.DigiCam_OD0_1714517499443476_1714517490135000.csv,
1714517626935000,,,,HRM5.DigiCam_OD0_1714517633563166_1714517626935000.csv,
1714517667735000,40,HRM3.DigiCam_OD1_1714517674391378_1714517667735000.csv,HRM4.DigiCam_OD1_1714517674392823_1714517667735000.csv,,HRM6.DigiCam_OD0_1714517674365371_1714517667735000.csv
1714517830935000,,,HRM4.DigiCam_OD1_1714517837593616_1714517830935000.csv,HRM5.DigiCam_OD0_1714517837563018_1714517830935000.csv,
1714517871735000,41,HRM3.DigiCam_OD1_1714517878391120_1714517871735000.csv,,,HRM6.DigiCam_OD0_1714517878365612_1714517871735000.csv
1714517898135000,,,,,HRM6.DigiCam_OD0_1714517900363302_1714517898135000.csv
1714518850935000,,,,HRM5.DigiCam_OD0_1714518857562928_1714518850935000.csv,
1714518891735000,42,,,,HRM6.DigiCam_OD0_1714518898364818_1714518891735000.csv
1714519177335000,,,,HRM5.DigiCam_OD0_1714519183963205_1714519177335000.csv,
1714519218135000,43,HRM3.DigiCam_OD1_1714519224791676_1714519218135000.csv,HRM4.DigiCam_OD1_1714519224792711_1714519218135000.csv,,HRM6.DigiCam_OD0_1714519224765199_1714519218135000.csv
1714519299735000,,,,HRM5.DigiCam_OD0_1714519306363019_1714519299735000.csv,
1714519340535000,44,HRM3.DigiCam_OD1_1714519347191467_1714519340535000.csv,HRM4.DigiCam_OD1_1714519347192525_1714519340535000.csv,,HRM6.DigiCam_OD0_1714519347165254_1714519340535000.csv
1714519462935000,,,,HRM5.DigiCam_OD0_1714519469563009_1714519462935000.csv,
1714519503735000,45,HRM3.DigiCam_OD1_1714519510391282_1714519503735000.csv,HRM4.DigiCam_OD1_1714519510392161_1714519503735000.csv,,HRM6.DigiCam_OD0_1714519510365100_1714519503735000.csv
1714519707735000,,,,,HRM6.DigiCam_OD0_1714519714365237_1714519707735000.csv
1714519748535000,46,HRM3.DigiCam_OD0_1714519755191555_1714519748535000.csv,HRM4.DigiCam_OD0_1714519755192702_1714519748535000.csv,HRM5.DigiCam_OD0_1714519755162820_1714519748535000.csv,
1714519830135000,47,HRM3.DigiCam_OD0_1714519836792190_1714519830135000.csv,HRM4.DigiCam_OD0_1714519836793905_1714519830135000.csv,HRM5.DigiCam_OD0_1714519836763003_1714519830135000.csv,HRM6.DigiCam_OD0_1714519836765137_1714519830135000.csv
1714521176535000,,HRM3.DigiCam_OD0_1714521183191742_1714521176535000.csv,HRM4.DigiCam_OD0_1714521183193023_1714521176535000.csv,,
1714521298935000,,HRM3.DigiCam_OD0_1714521305591917_1714521298935000.csv,HRM4.DigiCam_OD0_1714521305593578_1714521298935000.csv,HRM5.DigiCam_OD0_1714521305563094_1714521298935000.csv,HRM6.DigiCam_OD0_1714521305564974_1714521298935000.csv
1714521380535000,,HRM3.DigiCam_OD0_1714521387191704_1714521380535000.csv,HRM4.DigiCam_OD0_1714521387192855_1714521380535000.csv,HRM5.DigiCam_OD0_1714521387162980_1714521380535000.csv,HRM6.DigiCam_OD0_1714521387165249_1714521380535000.csv
1714521625335000,48,HRM3.DigiCam_OD0_1714521631991772_1714521625335000.csv,HRM4.DigiCam_OD0_1714521631992411_1714521625335000.csv,HRM5.DigiCam_OD0_1714521631963189_1714521625335000.csv,HRM6.DigiCam_OD0_1714521631965251_1714521625335000.csv
1714522522935000,,HRM3.DigiCam_OD0_1714522529592060_1714522522935000.csv,HRM4.DigiCam_OD0_1714522529593610_1714522522935000.csv,HRM5.DigiCam_OD0_1714522529563485_1714522522935000.csv,HRM6.DigiCam_OD0_1714522529565644_1714522522935000.csv
1714522604535000,,HRM3.DigiCam_OD0_1714522611192065_1714522604535000.csv,HRM4.DigiCam_OD0_1714522611193206_1714522604535000.csv,HRM5.DigiCam_OD0_1714522611163215_1714522604535000.csv,HRM6.DigiCam_OD0_1714522611165248_1714522604535000.csv
1714522726935000,,HRM3.DigiCam_OD0_1714522733592287_1714522726935000.csv,HRM4.DigiCam_OD0_1714522733593572_1714522726935000.csv,HRM5.DigiCam_OD0_1714522733562956_1714522726935000.csv,HRM6.DigiCam_OD0_1714522733565192_1714522726935000.csv
1714522767735000,,HRM3.DigiCam_OD0_1714522774391820_1714522767735000.csv,HRM4.DigiCam_OD0_1714522774392982_1714522767735000.csv,HRM5.DigiCam_OD0_1714522774363255_1714522767735000.csv,HRM6.DigiCam_OD0_1714522774365287_1714522767735000.csv
1714522808535000,,HRM3.DigiCam_OD0_1714522815192016_1714522808535000.csv,HRM4.DigiCam_OD0_1714522815192909_1714522808535000.csv,HRM5.DigiCam_OD0_1714522815163500_1714522808535000.csv,HRM6.DigiCam_OD0_1714522815165428_1714522808535000.csv
1714522849335000,,HRM3.DigiCam_OD0_1714522855992199_1714522849335000.csv,HRM4.DigiCam_OD0_1714522855993610_1714522849335000.csv,HRM5.DigiCam_OD0_1714522855963723_1714522849335000.csv,HRM6.DigiCam_OD0_1714522855965240_1714522849335000.csv
1714522890135000,,HRM3.DigiCam_OD0_1714522896791562_1714522890135000.csv,HRM4.DigiCam_OD0_1714522896792731_1714522890135000.csv,HRM5.DigiCam_OD0_1714522896763207_1714522890135000.csv,HRM6.DigiCam_OD0_1714522896765477_1714522890135000.csv
1714522971735000,49,HRM3.DigiCam_OD0_1714522978392004_1714522971735000.csv,HRM4.DigiCam_OD0_1714522978393286_1714522971735000.csv,HRM5.DigiCam_OD0_1714522978363365_1714522971735000.csv,HRM6.DigiCam_OD0_1714522978365267_1714522971735000.csv
1714523257335000,50,HRM3.DigiCam_OD0_1714523263991418_1714523257335000.csv,HRM4.DigiCam_OD0_1714523263992863_1714523257335000.csv,HRM5.DigiCam_OD0_1714523263963351_1714523257335000.csv,HRM6.DigiCam_OD0_1714523263966014_1714523257335000.csv
1714523461335000,51,HRM3.DigiCam_OD0_1714523467991798_1714523461335000.csv,HRM4.DigiCam_OD0_1714523467993377_1714523461335000.csv,HRM5.DigiCam_OD0_1714523467963228_1714523461335000.csv,HRM6.DigiCam_OD0_1714523467965128_1714523461335000.csv
1714523828535000,52,HRM3.DigiCam_OD0_1714523835191477_1714523828535000.csv,HRM4.DigiCam_OD0_1714523835193270_1714523828535000.csv,HRM5.DigiCam_OD0_1714523835163201_1714523828535000.csv,HRM6.DigiCam_OD0_1714523835165092_1714523828535000.csv
1714524277335000,53,HRM3.DigiCam_OD0_1714524283991530_1714524277335000.csv,HRM4.DigiCam_OD0_1714524283992901_1714524277335000.csv,HRM5.DigiCam_OD0_1714524283963399_1714524277335000.csv,HRM6.DigiCam_OD0_1714524283965133_1714524277335000.csv
1714524399735000,54,HRM3.DigiCam_OD0_1714524406391497_1714524399735000.csv,HRM4.DigiCam_OD0_1714524406392881_1714524399735000.csv,HRM5.DigiCam_OD0_1714524406363286_1714524399735000.csv,HRM6.DigiCam_OD0_1714524406365207_1714524399735000.csv
1714525501335000,55,HRM3.DigiCam_OD0_1714525507991973_1714525501335000.csv,HRM4.DigiCam_OD0_1714525507992849_1714525501335000.csv,HRM5.DigiCam_OD0_1714525507963087_1714525501335000.csv,HRM6.DigiCam_OD0_1714525507965253_1714525501335000.csv
1714525623735000,56,HRM3.DigiCam_OD0_1714525630391652_1714525623735000.csv,HRM4.DigiCam_OD0_1714525630392761_1714525623735000.csv,HRM5.DigiCam_OD0_1714525630363246_1714525623735000.csv,HRM6.DigiCam_OD0_1714525630365532_1714525623735000.csv
1714526072535000,57,HRM3.DigiCam_OD0_1714526079191880_1714526072535000.csv,HRM4.DigiCam_OD0_1714526079192912_1714526072535000.csv,HRM5.DigiCam_OD0_1714526079163381_1714526072535000.csv,HRM6.DigiCam_OD0_1714526079165831_1714526072535000.csv
1714526358135000,58,HRM3.DigiCam_OD0_1714526364790995_1714526358135000.csv,HRM4.DigiCam_OD0_1714526364791938_1714526358135000.csv,HRM5.DigiCam_OD0_1714526364762065_1714526358135000.csv,HRM6.DigiCam_OD0_1714526364763916_1714526358135000.csv
1714557454935000,59,HRM3.DigiCam_OD0_1714557461591707_1714557454935000.csv,HRM4.DigiCam_OD0_1714557461593431_1714557454935000.csv,HRM5.DigiCam_OD0_1714557461563193_1714557454935000.csv,HRM6.DigiCam_OD0_1714557461565175_1714557454935000.csv
1714557536535000,60,HRM3.DigiCam_OD0_1714557543191921_1714557536535000.csv,HRM4.DigiCam_OD0_1714557543192784_1714557536535000.csv,HRM5.DigiCam_OD0_1714557543163105_1714557536535000.csv,HRM6.DigiCam_OD0_1714557543165338_1714557536535000.csv
1714557618135000,,,,HRM5.DigiCam_OD0_1714557624762761_1714557618135000.csv,
1714557658935000,61,HRM3.DigiCam_OD1_1714557665591486_1714557658935000.csv,HRM4.DigiCam_OD1_1714557665592518_1714557658935000.csv,,HRM6.DigiCam_OD0_1714557665565491_1714557658935000.csv
1714557822135000,,,,HRM5.DigiCam_OD0_1714557828763194_1714557822135000.csv,
1714557862935000,62,HRM3.DigiCam_OD1_1714557869591765_1714557862935000.csv,HRM4.DigiCam_OD1_1714557869592820_1714557862935000.csv,,HRM6.DigiCam_OD0_1714557869565077_1714557862935000.csv
1714557944535000,,,,HRM5.DigiCam_OD0_1714557951162945_1714557944535000.csv,
1714557985335000,63,HRM3.DigiCam_OD1_1714557991991405_1714557985335000.csv,HRM4.DigiCam_OD1_1714557991992857_1714557985335000.csv,,HRM6.DigiCam_OD0_1714557991965334_1714557985335000.csv
1714558107735000,64,HRM3.DigiCam_OD1_1714558114392184_1714558107735000.csv,HRM4.DigiCam_OD1_1714558114393266_1714558107735000.csv,HRM5.DigiCam_OD0_1714558114363321_1714558107735000.csv,HRM6.DigiCam_OD0_1714558114365531_1714558107735000.csv
1714558189335000,,,,HRM5.DigiCam_OD0_1714558195962965_1714558189335000.csv,
1714558230135000,65,HRM3.DigiCam_OD1_1714558236791530_1714558230135000.csv,HRM4.DigiCam_OD1_1714558236792444_1714558230135000.csv,,HRM6.DigiCam_OD0_1714558236765425_1714558230135000.csv
1714558515735000,66,HRM3.DigiCam_OD1_1714558522385342_1714558515735000.csv,HRM4.DigiCam_OD1_1714558522392919_1714558515735000.csv,HRM5.DigiCam_OD0_1714558522363365_1714558515735000.csv,HRM6.DigiCam_OD0_1714558522365280_1714558515735000.csv
1714558760535000,67,HRM3.DigiCam_OD1_1714558767191245_1714558760535000.csv,HRM4.DigiCam_OD1_1714558767192715_1714558760535000.csv,HRM5.DigiCam_OD0_1714558767163454_1714558760535000.csv,HRM6.DigiCam_OD0_1714558767165378_1714558760535000.csv
1714558801335000,68,HRM3.DigiCam_OD1_1714558807991359_1714558801335000.csv,,,HRM6.DigiCam_OD0_1714558807965367_1714558801335000.csv
1714558842135000,,,,HRM5.DigiCam_OD0_1714558848763240_1714558842135000.csv,
1714558882935000,69,HRM3.DigiCam_OD1_1714558889591545_1714558882935000.csv,HRM4.DigiCam_OD1_1714558889592719_1714558882935000.csv,,HRM6.DigiCam_OD0_1714558889565285_1714558882935000.csv
1714558923735000,,,,HRM5.DigiCam_OD0_1714558930362918_1714558923735000.csv,
1714558964535000,70,HRM3.DigiCam_OD1_1714558971191053_1714558964535000.csv,HRM4.DigiCam_OD1_1714558971192724_1714558964535000.csv,,HRM6.DigiCam_OD0_1714558971165391_1714558964535000.csv
1714559005335000,,,,HRM5.DigiCam_OD0_1714559011962809_1714559005335000.csv,
1714559046135000,71,HRM3.DigiCam_OD1_1714559052791706_1714559046135000.csv,HRM4.DigiCam_OD1_1714559052792455_1714559046135000.csv,,HRM6.DigiCam_OD0_1714559052764807_1714559046135000.csv
1714559331735000,,,,HRM5.DigiCam_OD0_1714559338363076_1714559331735000.csv,
1714559372535000,72,HRM3.DigiCam_OD1_1714559379191170_1714559372535000.csv,HRM4.DigiCam_OD1_1714559379192551_1714559372535000.csv,,HRM6.DigiCam_OD0_1714559379165070_1714559372535000.csv
1714559494935000,73,HRM3.DigiCam_OD1_1714559501591695_1714559494935000.csv,HRM4.DigiCam_OD1_1714559501592729_1714559494935000.csv,,
1714559821335000,74,HRM3.DigiCam_OD1_1714559827991220_1714559821335000.csv,HRM4.DigiCam_OD1_1714559827992391_1714559821335000.csv,,
1714559943735000,75,HRM3.DigiCam_OD1_1714559950391274_1714559943735000.csv,HRM4.DigiCam_OD1_1714559950392489_1714559943735000.csv,HRM5.DigiCam_OD0_1714559950362996_1714559943735000.csv,HRM6.DigiCam_OD0_1714559950364740_1714559943735000.csv
1714559984535000,,,,HRM5.DigiCam_OD0_1714559991163025_1714559984535000.csv,
1714560025335000,76,HRM3.DigiCam_OD1_1714560031991560_1714560025335000.csv,HRM4.DigiCam_OD1_1714560031992700_1714560025335000.csv,,HRM6.DigiCam_OD0_1714560031965827_1714560025335000.csv
1714560051735000,,,,HRM5.DigiCam_OD0_1714560059443749_1714560051735000.csv,
1714560066135000,77,HRM3.DigiCam_OD1_1714560072791142_1714560066135000.csv,HRM4.DigiCam_OD1_1714560072792355_1714560066135000.csv,,HRM6.DigiCam_OD0_1714560072765504_1714560066135000.csv
1714572946935000,,HRM3.DigiCam_OD1_1714572953591959_1714572946935000.csv,HRM4.DigiCam_OD1_1714572953593393_1714572946935000.csv,HRM5.DigiCam_OD0_1714572953563614_1714572946935000.csv,HRM6.DigiCam_OD0_1714572953565226_1714572946935000.csv
1714574334135000,,HRM3.DigiCam_OD1_1714574340791566_1714574334135000.csv,HRM4.DigiCam_OD1_1714574340793251_1714574334135000.csv,HRM5.DigiCam_OD0_1714574340763531_1714574334135000.csv,HRM6.DigiCam_OD0_1714574340765514_1714574334135000.csv
1714574578935000,,HRM3.DigiCam_OD1_1714574585591536_1714574578935000.csv,HRM4.DigiCam_OD1_1714574585593219_1714574578935000.csv,HRM5.DigiCam_OD0_1714574585563267_1714574578935000.csv,HRM6.DigiCam_OD0_1714574585565089_1714574578935000.csv
1714574619735000,,HRM3.DigiCam_OD1_1714574626392073_1714574619735000.csv,HRM4.DigiCam_OD1_1714574626393494_1714574619735000.csv,HRM5.DigiCam_OD0_1714574626363532_1714574619735000.csv,HRM6.DigiCam_OD0_1714574626365545_1714574619735000.csv
1714574701335000,,HRM3.DigiCam_OD1_1714574707991439_1714574701335000.csv,HRM4.DigiCam_OD1_1714574707992495_1714574701335000.csv,HRM5.DigiCam_OD0_1714574707963667_1714574701335000.csv,HRM6.DigiCam_OD0_1714574707965489_1714574701335000.csv
1714574946135000,,HRM3.DigiCam_OD1_1714574952791945_1714574946135000.csv,HRM4.DigiCam_OD1_1714574952793335_1714574946135000.csv,HRM5.DigiCam_OD0_1714574952763513_1714574946135000.csv,HRM6.DigiCam_OD0_1714574952765218_1714574946135000.csv
1714582450935000,,HRM3.DigiCam_OD1_1714582457591913_1714582450935000.csv,HRM4.DigiCam_OD1_1714582457592680_1714582450935000.csv,HRM5.DigiCam_OD0_1714582457563549_1714582450935000.csv,HRM6.DigiCam_OD0_1714582457565820_1714582450935000.csv
1714583715735000,78,HRM3.DigiCam_OD0_1714583722392050_1714583715735000.csv,HRM4.DigiCam_OD0_1714583722392815_1714583715735000.csv,HRM5.DigiCam_OD0_1714583722363265_1714583715735000.csv,HRM6.DigiCam_OD0_1714583722365240_1714583715735000.csv
1714583797335000,79,HRM3.DigiCam_OD0_1714583803991922_1714583797335000.csv,HRM4.DigiCam_OD0_1714583803993222_1714583797335000.csv,HRM5.DigiCam_OD0_1714583803963092_1714583797335000.csv,HRM6.DigiCam_OD0_1714583803965318_1714583797335000.csv
1714583878935000,80,HRM3.DigiCam_OD0_1714583885592132_1714583878935000.csv,HRM4.DigiCam_OD0_1714583885593372_1714583878935000.csv,HRM5.DigiCam_OD0_1714583885562914_1714583878935000.csv,HRM6.DigiCam_OD0_1714583885564652_1714583878935000.csv
1714583960535000,81,HRM3.DigiCam_OD0_1714583967191643_1714583960535000.csv,HRM4.DigiCam_OD0_1714583967192808_1714583960535000.csv,HRM5.DigiCam_OD0_1714583967163595_1714583960535000.csv,HRM6.DigiCam_OD0_1714583967165257_1714583960535000.csv
1714584042135000,82,HRM3.DigiCam_OD0_1714584048791522_1714584042135000.csv,HRM4.DigiCam_OD0_1714584048797559_1714584042135000.csv,HRM5.DigiCam_OD0_1714584048763090_1714584042135000.csv,HRM6.DigiCam_OD0_1714584048765302_1714584042135000.csv
1714584123735000,83,HRM3.DigiCam_OD0_1714584130391490_1714584123735000.csv,HRM4.DigiCam_OD0_1714584130392526_1714584123735000.csv,HRM5.DigiCam_OD0_1714584130363345_1714584123735000.csv,HRM6.DigiCam_OD0_1714584130365088_1714584123735000.csv
1714584164535000,,,HRM4.DigiCam_OD0_1714584171193174_1714584164535000.csv,,
1714584205335000,84,HRM3.DigiCam_OD0_1714584211991856_1714584205335000.csv,,HRM5.DigiCam_OD0_1714584211963438_1714584205335000.csv,HRM6.DigiCam_OD0_1714584211965498_1714584205335000.csv
1714584246135000,,HRM3.DigiCam_OD0_1714584252791918_1714584246135000.csv,,,
1714584286935000,85,,,HRM5.DigiCam_OD0_1714584293563256_1714584286935000.csv,HRM6.DigiCam_OD0_1714584293565411_1714584286935000.csv
1714584327735000,,,,,HRM6.DigiCam_OD0_1714584334364625_1714584327735000.csv
1714584368535000,86,HRM3.DigiCam_OD0_1714584375191307_1714584368535000.csv,,HRM5.DigiCam_OD0_1714584375162989_1714584368535000.csv,
1714584450135000,87,HRM3.DigiCam_OD0_1714584456792035_1714584450135000.csv,HRM4.DigiCam_OD0_1714584456793227_1714584450135000.csv,HRM5.DigiCam_OD0_1714584456763021_1714584450135000.csv,HRM6.DigiCam_OD0_1714584456765949_1714584450135000.csv
1714584490935000,,,,HRM5.DigiCam_OD0_1714584497563022_1714584490935000.csv,
1714584531735000,88,HRM3.DigiCam_OD0_1714584538391261_1714584531735000.csv,HRM4.DigiCam_OD0_1714584538392534_1714584531735000.csv,,HRM6.DigiCam_OD0_1714584538365020_1714584531735000.csv
1714584613335000,89,HRM3.DigiCam_OD0_1714584619991606_1714584613335000.csv,HRM4.DigiCam_OD0_1714584619992889_1714584613335000.csv,HRM5.DigiCam_OD0_1714584619962914_1714584613335000.csv,HRM6.DigiCam_OD0_1714584619965204_1714584613335000.csv
1714584694935000,90,HRM3.DigiCam_OD0_1714584701591809_1714584694935000.csv,HRM4.DigiCam_OD0_1714584701592829_1714584694935000.csv,HRM5.DigiCam_OD0_1714584701563300_1714584694935000.csv,HRM6.DigiCam_OD0_1714584701565902_1714584694935000.csv
1714584776535000,91,HRM3.DigiCam_OD0_1714584783191723_1714584776535000.csv,HRM4.DigiCam_OD0_1714584783193516_1714584776535000.csv,HRM5.DigiCam_OD0_1714584783163589_1714584776535000.csv,HRM6.DigiCam_OD0_1714584783165928_1714584776535000.csv
1714584858135000,92,HRM3.DigiCam_OD0_1714584864791836_1714584858135000.csv,HRM4.DigiCam_OD0_1714584864792732_1714584858135000.csv,HRM5.DigiCam_OD0_1714584864763309_1714584858135000.csv,HRM6.DigiCam_OD0_1714584864765295_1714584858135000.csv
1714584939735000,93,HRM3.DigiCam_OD0_1714584946391754_1714584939735000.csv,HRM4.DigiCam_OD0_1714584946393200_1714584939735000.csv,HRM5.DigiCam_OD0_1714584946362985_1714584939735000.csv,HRM6.DigiCam_OD0_1714584946365319_1714584939735000.csv
1714585388535000,,,,HRM5.DigiCam_OD0_1714585395163131_1714585388535000.csv,
1714585429335000,94,HRM3.DigiCam_OD1_1714585435991475_1714585429335000.csv,HRM4.DigiCam_OD1_1714585435992506_1714585429335000.csv,,HRM6.DigiCam_OD0_1714585435965039_1714585429335000.csv
1714585470135000,,,,HRM5.DigiCam_OD0_1714585476763199_1714585470135000.csv,
1714585510935000,95,HRM3.DigiCam_OD1_1714585517591563_1714585510935000.csv,HRM4.DigiCam_OD1_1714585517592449_1714585510935000.csv,,HRM6.DigiCam_OD0_1714585517565248_1714585510935000.csv
1714585592535000,,,,HRM5.DigiCam_OD0_1714585599163050_1714585592535000.csv,
1714585633335000,,HRM3.DigiCam_OD1_1714585639991629_1714585633335000.csv,HRM4.DigiCam_OD1_1714585639992809_1714585633335000.csv,,HRM6.DigiCam_OD0_1714585639965354_1714585633335000.csv
1714585639966355,96,,,,
1714586571735000,,,,HRM5.DigiCam_OD0_1714586578363102_1714586571735000.csv,
1714586612535000,,HRM3.DigiCam_OD1_1714586619191595_1714586612535000.csv,HRM4.DigiCam_OD1_1714586619193033_1714586612535000.csv,,HRM6.DigiCam_OD0_1714586619164996_1714586612535000.csv
1714586619166316,97,,,,
1714586734935000,,,,HRM5.DigiCam_OD0_1714586741562567_1714586734935000.csv,
1714586775735000,98,HRM3.DigiCam_OD1_1714586782391834_1714586775735000.csv,HRM4.DigiCam_OD1_1714586782392605_1714586775735000.csv,,HRM6.DigiCam_OD0_1714586782365532_1714586775735000.csv
1714587020535000,,HRM3.DigiCam_OD1_1714587027192247_1714587020535000.csv,HRM4.DigiCam_OD1_1714587027194033_1714587020535000.csv,HRM5.DigiCam_OD0_1714587027162969_1714587020535000.csv,HRM6.DigiCam_OD0_1714587027164878_1714587020535000.csv
1714589550135000,108,HRM3.DigiCam_OD0_1714589556791620_1714589550135000.csv,HRM4.DigiCam_OD0_1714589556792910_1714589550135000.csv,HRM5.DigiCam_OD0_1714589556763556_1714589550135000.csv,HRM6.DigiCam_OD0_1714589556765508_1714589550135000.csv
1714589631735000,109,HRM3.DigiCam_OD0_1714589638392206_1714589631735000.csv,HRM4.DigiCam_OD0_1714589638393715_1714589631735000.csv,HRM5.DigiCam_OD0_1714589638363178_1714589631735000.csv,HRM6.DigiCam_OD0_1714589638365371_1714589631735000.csv
1714589794935000,110,HRM3.DigiCam_OD0_1714589801591218_1714589794935000.csv,HRM4.DigiCam_OD0_1714589801592250_1714589794935000.csv,HRM5.DigiCam_OD0_1714589801562991_1714589794935000.csv,HRM6.DigiCam_OD0_1714589801565316_1714589794935000.csv
1714590325335000,111,HRM3.DigiCam_OD0_1714590331991575_1714590325335000.csv,HRM4.DigiCam_OD0_1714590331992403_1714590325335000.csv,HRM5.DigiCam_OD0_1714590331963294_1714590325335000.csv,HRM6.DigiCam_OD0_1714590331965147_1714590325335000.csv
1714590406935000,112,HRM3.DigiCam_OD0_1714590413591515_1714590406935000.csv,HRM4.DigiCam_OD0_1714590413592919_1714590406935000.csv,HRM5.DigiCam_OD0_1714590413563231_1714590406935000.csv,HRM6.DigiCam_OD0_1714590413565429_1714590406935000.csv
1714590529335000,113,HRM3.DigiCam_OD0_1714590535991602_1714590529335000.csv,HRM4.DigiCam_OD0_1714590535992235_1714590529335000.csv,HRM5.DigiCam_OD0_1714590535963005_1714590529335000.csv,HRM6.DigiCam_OD0_1714590535965033_1714590529335000.csv
1714591100535000,114,HRM3.DigiCam_OD0_1714591107191917_1714591100535000.csv,HRM4.DigiCam_OD0_1714591107193025_1714591100535000.csv,HRM5.DigiCam_OD0_1714591107163604_1714591100535000.csv,HRM6.DigiCam_OD0_1714591107165287_1714591100535000.csv
1714591304535000,115,HRM3.DigiCam_OD0_1714591311192088_1714591304535000.csv,HRM4.DigiCam_OD0_1714591311192824_1714591304535000.csv,HRM5.DigiCam_OD0_1714591311163244_1714591304535000.csv,HRM6.DigiCam_OD0_1714591311165169_1714591304535000.csv
1714591467735000,116,HRM3.DigiCam_OD0_1714591474392594_1714591467735000.csv,HRM4.DigiCam_OD0_1714591474393490_1714591467735000.csv,HRM5.DigiCam_OD0_1714591474363234_1714591467735000.csv,HRM6.DigiCam_OD0_1714591474365109_1714591467735000.csv
1714591794135000,117,HRM3.DigiCam_OD0_1714591800792122_1714591794135000.csv,HRM4.DigiCam_OD0_1714591800793552_1714591794135000.csv,HRM5.DigiCam_OD0_1714591800763087_1714591794135000.csv,HRM6.DigiCam_OD0_1714591800764815_1714591794135000.csv
1714591998135000,118,HRM3.DigiCam_OD0_1714592004791637_1714591998135000.csv,HRM4.DigiCam_OD0_1714592004793084_1714591998135000.csv,HRM5.DigiCam_OD0_1714592004762937_1714591998135000.csv,HRM6.DigiCam_OD0_1714592004764986_1714591998135000.csv
1714599423735000,,HRM3.DigiCam_OD0_1714599430391582_1714599423735000.csv,,,
1714599505335000,,,HRM4.DigiCam_OD0_1714599511993115_1714599505335000.csv,HRM5.DigiCam_OD0_1714599511963078_1714599505335000.csv,HRM6.DigiCam_OD0_1714599511965611_1714599505335000.csv
1714599750135000,,HRM3.DigiCam_OD1_1714599756791549_1714599750135000.csv,HRM4.DigiCam_OD1_1714599756792972_1714599750135000.csv,HRM5.DigiCam_OD0_1714599756763444_1714599750135000.csv,HRM6.DigiCam_OD0_1714599756765602_1714599750135000.csv
1714599790935000,,HRM3.DigiCam_OD1_1714599797592065_1714599790935000.csv,HRM4.DigiCam_OD1_1714599797593343_1714599790935000.csv,HRM5.DigiCam_OD0_1714599797563656_1714599790935000.csv,HRM6.DigiCam_OD0_1714599797565794_1714599790935000.csv
1714599831735000,,HRM3.DigiCam_OD1_1714599838391478_1714599831735000.csv,HRM4.DigiCam_OD1_1714599838392988_1714599831735000.csv,HRM5.DigiCam_OD0_1714599838363059_1714599831735000.csv,HRM6.DigiCam_OD0_1714599838364922_1714599831735000.csv
1714600035735000,,,HRM4.DigiCam_OD1_1714600042393253_1714600035735000.csv,,
1714600076535000,,HRM3.DigiCam_OD1_1714600083191598_1714600076535000.csv,,HRM5.DigiCam_OD0_1714600083163112_1714600076535000.csv,HRM6.DigiCam_OD0_1714600083165324_1714600076535000.csv
1714600198935000,,HRM3.DigiCam_OD1_1714600205591675_1714600198935000.csv,HRM4.DigiCam_OD1_1714600205593127_1714600198935000.csv,HRM5.DigiCam_OD0_1714600205563257_1714600198935000.csv,HRM6.DigiCam_OD0_1714600205565056_1714600198935000.csv
1714600321335000,,,HRM4.DigiCam_OD1_1714600327993531_1714600321335000.csv,HRM5.DigiCam_OD0_1714600327963212_1714600321335000.csv,
1714600362135000,119,HRM3.DigiCam_OD1_1714600368791584_1714600362135000.csv,,,HRM6.DigiCam_OD0_1714600368765322_1714600362135000.csv
1714600606935000,,,HRM4.DigiCam_OD1_1714600613593549_1714600606935000.csv,HRM5.DigiCam_OD0_1714600613563171_1714600606935000.csv,
1714600647735000,120,HRM3.DigiCam_OD1_1714600654391242_1714600647735000.csv,,,HRM6.DigiCam_OD0_1714600654365354_1714600647735000.csv
1714600770135000,,,HRM4.DigiCam_OD1_1714600776794210_1714600770135000.csv,HRM5.DigiCam_OD0_1714600776763184_1714600770135000.csv,
1714600810935000,121,HRM3.DigiCam_OD1_1714600817591389_1714600810935000.csv,,,HRM6.DigiCam_OD0_1714600817565093_1714600810935000.csv
1714601014935000,,,HRM4.DigiCam_OD1_1714601021593289_1714601014935000.csv,HRM5.DigiCam_OD0_1714601021563326_1714601014935000.csv,
1714601055735000,122,HRM3.DigiCam_OD1_1714601062391210_1714601055735000.csv,,,HRM6.DigiCam_OD0_1714601062364965_1714601055735000.csv
1714601300535000,,HRM3.DigiCam_OD1_1714601307191728_1714601300535000.csv,HRM4.DigiCam_OD1_1714601307193278_1714601300535000.csv,HRM5.DigiCam_OD0_1714601307163117_1714601300535000.csv,HRM6.DigiCam_OD0_1714601307164921_1714601300535000.csv
1714601463735000,123,,,,
1714601545335000,124,,,,
1714601667735000,125,,,,
1714601749335000,126,,,,
1714601830935000,127,,,,
1714601912535000,128,,,,
1714602745335000,129,HRM3.DigiCam_OD1_1714602751991533_1714602745335000.csv,HRM4.DigiCam_OD1_1714602751992951_1714602745335000.csv,HRM5.DigiCam_OD0_1714602751963471_1714602745335000.csv,HRM6.DigiCam_OD0_1714602751965186_1714602745335000.csv
1714602908535000,,HRM3.DigiCam_OD1_1714602915191651_1714602908535000.csv,HRM4.DigiCam_OD1_1714602915193429_1714602908535000.csv,HRM5.DigiCam_OD0_1714602915163201_1714602908535000.csv,HRM6.DigiCam_OD0_1714602915165248_1714602908535000.csv
1714603071735000,130,HRM3.DigiCam_OD1_1714603078391861_1714603071735000.csv,HRM4.DigiCam_OD1_1714603078392728_1714603071735000.csv,HRM5.DigiCam_OD0_1714603078363246_1714603071735000.csv,HRM6.DigiCam_OD0_1714603078365102_1714603071735000.csv
1714603234935000,131,HRM3.DigiCam_OD0_1714603241591617_1714603234935000.csv,HRM4.DigiCam_OD0_1714603241592655_1714603234935000.csv,HRM5.DigiCam_OD0_1714603241563218_1714603234935000.csv,HRM6.DigiCam_OD0_1714603241565201_1714603234935000.csv
1714603398135000,132,HRM3.DigiCam_OD0_1714603404791767_1714603398135000.csv,HRM4.DigiCam_OD0_1714603404792897_1714603398135000.csv,HRM5.DigiCam_OD0_1714603404763163_1714603398135000.csv,HRM6.DigiCam_OD0_1714603404765237_1714603398135000.csv
1714603520535000,133,HRM3.DigiCam_OD0_1714603527191383_1714603520535000.csv,HRM4.DigiCam_OD0_1714603527192786_1714603520535000.csv,HRM5.DigiCam_OD0_1714603527163237_1714603520535000.csv,HRM6.DigiCam_OD0_1714603527165131_1714603520535000.csv
1714603561335000,134,HRM3.DigiCam_OD0_1714603567991877_1714603561335000.csv,HRM4.DigiCam_OD0_1714603567993043_1714603561335000.csv,HRM5.DigiCam_OD0_1714603567963206_1714603561335000.csv,HRM6.DigiCam_OD0_1714603567965555_1714603561335000.csv
1714603928535000,,HRM3.DigiCam_OD1_1714603935192054_1714603928535000.csv,HRM4.DigiCam_OD1_1714603935192620_1714603928535000.csv,HRM5.DigiCam_OD0_1714603935163550_1714603928535000.csv,HRM6.DigiCam_OD0_1714603935165297_1714603928535000.csv
1714604091735000,,,,HRM5.DigiCam_OD0_1714604098363049_1714604091735000.csv,
1714604132535000,135,HRM3.DigiCam_OD1_1714604139191270_1714604132535000.csv,HRM4.DigiCam_OD1_1714604139192090_1714604132535000.csv,,HRM6.DigiCam_OD0_1714604139165312_1714604132535000.csv
1714604418135000,,,,HRM5.DigiCam_OD0_1714604424762792_1714604418135000.csv,
1714604458935000,136,HRM3.DigiCam_OD1_1714604465591695_1714604458935000.csv,HRM4.DigiCam_OD1_1714604465593011_1714604458935000.csv,,HRM6.DigiCam_OD0_1714604465565141_1714604458935000.csv
1714604581335000,137,HRM3.DigiCam_OD1_1714604587992043_1714604581335000.csv,HRM4.DigiCam_OD1_1714604587992889_1714604581335000.csv,HRM5.DigiCam_OD0_1714604587963482_1714604581335000.csv,HRM6.DigiCam_OD0_1714604587964746_1714604581335000.csv
1714604622135000,,,,HRM5.DigiCam_OD0_1714604628763266_1714604622135000.csv,
1714604662935000,138,HRM3.DigiCam_OD1_1714604669591465_1714604662935000.csv,HRM4.DigiCam_OD1_1714604669592610_1714604662935000.csv,,HRM6.DigiCam_OD0_1714604669565318_1714604662935000.csv
1714604703735000,,,HRM4.DigiCam_OD1_1714604710393366_1714604703735000.csv,HRM5.DigiCam_OD0_1714604710363099_1714604703735000.csv,
1714604744535000,139,HRM3.DigiCam_OD1_1714604751191339_1714604744535000.csv,,,HRM6.DigiCam_OD0_1714604751164946_1714604744535000.csv
1714604785335000,,,,HRM5.DigiCam_OD0_1714604791963140_1714604785335000.csv,
1714604826135000,140,HRM3.DigiCam_OD1_1714604832791656_1714604826135000.csv,HRM4.DigiCam_OD1_1714604832792236_1714604826135000.csv,,HRM6.DigiCam_OD0_1714604832765257_1714604826135000.csv
1714638073335000,,HRM3.DigiCam_OD0_1714638079991673_1714638073335000.csv,HRM4.DigiCam_OD0_1714638079992600_1714638073335000.csv,HRM5.DigiCam_OD0_1714638079963028_1714638073335000.csv,HRM6.DigiCam_OD0_1714638079965059_1714638073335000.csv
1714638277335000,,HRM3.DigiCam_OD0_1714638283991795_1714638277335000.csv,HRM4.DigiCam_OD0_1714638283993481_1714638277335000.csv,HRM5.DigiCam_OD0_1714638283963186_1714638277335000.csv,HRM6.DigiCam_OD0_1714638283965160_1714638277335000.csv
1714638399735000,,HRM3.DigiCam_OD0_1714638406391498_1714638399735000.csv,HRM4.DigiCam_OD0_1714638406392733_1714638399735000.csv,HRM5.DigiCam_OD0_1714638406363165_1714638399735000.csv,HRM6.DigiCam_OD0_1714638406365376_1714638399735000.csv
1714638644535000,,HRM3.DigiCam_OD0_1714638651191484_1714638644535000.csv,HRM4.DigiCam_OD0_1714638651193660_1714638644535000.csv,HRM5.DigiCam_OD0_1714638651163293_1714638644535000.csv,HRM6.DigiCam_OD0_1714638651165243_1714638644535000.csv
1714638846135000,,HRM3.DigiCam_OD0_1714638852791480_1714638846135000.csv,HRM4.DigiCam_OD0_1714638852792917_1714638846135000.csv,HRM5.DigiCam_OD0_1714638852763297_1714638846135000.csv,HRM6.DigiCam_OD0_1714638852765130_1714638846135000.csv
1714639215735000,,HRM3.DigiCam_OD0_1714639222391398_1714639215735000.csv,HRM4.DigiCam_OD0_1714639222392824_1714639215735000.csv,HRM5.DigiCam_OD0_1714639222364035_1714639215735000.csv,HRM6.DigiCam_OD0_1714639222365582_1714639215735000.csv
1714639294935000,,HRM3.DigiCam_OD0_1714639301591875_1714639294935000.csv,HRM4.DigiCam_OD0_1714639301593059_1714639294935000.csv,HRM5.DigiCam_OD0_1714639301562839_1714639294935000.csv,HRM6.DigiCam_OD0_1714639301565167_1714639294935000.csv
1714639374135000,,HRM3.DigiCam_OD0_1714639380791843_1714639374135000.csv,HRM4.DigiCam_OD0_1714639380792877_1714639374135000.csv,HRM5.DigiCam_OD0_1714639380763390_1714639374135000.csv,HRM6.DigiCam_OD0_1714639380764959_1714639374135000.csv
1714639453335000,,HRM3.DigiCam_OD0_1714639459991546_1714639453335000.csv,HRM4.DigiCam_OD0_1714639459992978_1714639453335000.csv,HRM5.DigiCam_OD0_1714639459963496_1714639453335000.csv,HRM6.DigiCam_OD0_1714639459965581_1714639453335000.csv
1714639506135000,,HRM3.DigiCam_OD0_1714639512791713_1714639506135000.csv,HRM4.DigiCam_OD0_1714639512792934_1714639506135000.csv,HRM5.DigiCam_OD0_1714639512763156_1714639506135000.csv,HRM6.DigiCam_OD0_1714639512765152_1714639506135000.csv
1714639611735000,,HRM3.DigiCam_OD0_1714639618392354_1714639611735000.csv,HRM4.DigiCam_OD0_1714639618393649_1714639611735000.csv,HRM5.DigiCam_OD0_1714639618363181_1714639611735000.csv,HRM6.DigiCam_OD0_1714639618365157_1714639611735000.csv
1714639690935000,,HRM3.DigiCam_OD0_1714639697591935_1714639690935000.csv,HRM4.DigiCam_OD0_1714639697593313_1714639690935000.csv,HRM5.DigiCam_OD0_1714639697563627_1714639690935000.csv,HRM6.DigiCam_OD0_1714639697565469_1714639690935000.csv
1714640509335000,,HRM3.DigiCam_OD0_1714640515991899_1714640509335000.csv,HRM4.DigiCam_OD0_1714640515993595_1714640509335000.csv,HRM5.DigiCam_OD0_1714640515963119_1714640509335000.csv,HRM6.DigiCam_OD0_1714640515965349_1714640509335000.csv
1714642938135000,,HRM3.DigiCam_OD0_1714642944791819_1714642938135000.csv,HRM4.DigiCam_OD0_1714642944793251_1714642938135000.csv,HRM5.DigiCam_OD0_1714642944763530_1714642938135000.csv,HRM6.DigiCam_OD0_1714642944765304_1714642938135000.csv
1714643228535000,141,HRM3.DigiCam_OD0_1714643235191749_1714643228535000.csv,HRM4.DigiCam_OD0_1714643235193167_1714643228535000.csv,HRM5.DigiCam_OD0_1714643235163105_1714643228535000.csv,HRM6.DigiCam_OD0_1714643235165629_1714643228535000.csv
1714643334135000,142,HRM3.DigiCam_OD1_1714643340792095_1714643334135000.csv,HRM4.DigiCam_OD1_1714643340793224_1714643334135000.csv,HRM5.DigiCam_OD0_1714643340763558_1714643334135000.csv,HRM6.DigiCam_OD0_1714643340765679_1714643334135000.csv
1714643439735000,143,HRM3.DigiCam_OD0_1714643446391548_1714643439735000.csv,HRM4.DigiCam_OD0_1714643446393236_1714643439735000.csv,HRM5.DigiCam_OD0_1714643446363262_1714643439735000.csv,HRM6.DigiCam_OD0_1714643446365243_1714643439735000.csv
1714643677335000,,HRM3.DigiCam_OD0_1714643683992010_1714643677335000.csv,HRM4.DigiCam_OD0_1714643683993434_1714643677335000.csv,HRM5.DigiCam_OD0_1714643683963182_1714643677335000.csv,HRM6.DigiCam_OD0_1714643683965108_1714643677335000.csv
1714643914935000,,HRM3.DigiCam_OD0_1714643921591460_1714643914935000.csv,HRM4.DigiCam_OD0_1714643921592746_1714643914935000.csv,HRM5.DigiCam_OD0_1714643921563099_1714643914935000.csv,HRM6.DigiCam_OD0_1714643921565093_1714643914935000.csv
1714645578135000,,HRM3.DigiCam_OD0_1714645584791923_1714645578135000.csv,HRM4.DigiCam_OD0_1714645584792930_1714645578135000.csv,HRM5.DigiCam_OD0_1714645584763477_1714645578135000.csv,HRM6.DigiCam_OD0_1714645584765673_1714645578135000.csv
1714645630935000,,HRM3.DigiCam_OD0_1714645637592092_1714645630935000.csv,HRM4.DigiCam_OD0_1714645637593256_1714645630935000.csv,HRM5.DigiCam_OD0_1714645637563197_1714645630935000.csv,HRM6.DigiCam_OD0_1714645637565533_1714645630935000.csv
1714645683735000,,HRM3.DigiCam_OD0_1714645690391336_1714645683735000.csv,HRM4.DigiCam_OD0_1714645690392751_1714645683735000.csv,HRM5.DigiCam_OD0_1714645690363141_1714645683735000.csv,HRM6.DigiCam_OD0_1714645690365348_1714645683735000.csv
1714645736535000,,HRM3.DigiCam_OD0_1714645743191305_1714645736535000.csv,HRM4.DigiCam_OD0_1714645743192219_1714645736535000.csv,HRM5.DigiCam_OD0_1714645743163635_1714645736535000.csv,HRM6.DigiCam_OD0_1714645743165277_1714645736535000.csv
1714645789335000,,HRM3.DigiCam_OD0_1714645795991932_1714645789335000.csv,HRM4.DigiCam_OD0_1714645795993473_1714645789335000.csv,HRM5.DigiCam_OD0_1714645795963369_1714645789335000.csv,HRM6.DigiCam_OD0_1714645795965136_1714645789335000.csv
1714645842135000,,HRM3.DigiCam_OD0_1714645848791919_1714645842135000.csv,HRM4.DigiCam_OD0_1714645848797463_1714645842135000.csv,HRM5.DigiCam_OD0_1714645848763602_1714645842135000.csv,HRM6.DigiCam_OD0_1714645848765628_1714645842135000.csv
1714645894935000,,HRM3.DigiCam_OD0_1714645901591686_1714645894935000.csv,HRM4.DigiCam_OD0_1714645901592816_1714645894935000.csv,HRM5.DigiCam_OD0_1714645901563303_1714645894935000.csv,HRM6.DigiCam_OD0_1714645901565274_1714645894935000.csv
1714647795735000,,HRM3.DigiCam_OD1_1714647802391569_1714647795735000.csv,HRM4.DigiCam_OD1_1714647802392684_1714647795735000.csv,HRM5.DigiCam_OD0_1714647802363480_1714647795735000.csv,HRM6.DigiCam_OD0_1714647802365780_1714647795735000.csv
1714647901335000,,HRM3.DigiCam_OD1_1714647907992047_1714647901335000.csv,HRM4.DigiCam_OD1_1714647907992826_1714647901335000.csv,HRM5.DigiCam_OD0_1714647907963339_1714647901335000.csv,HRM6.DigiCam_OD0_1714647907965128_1714647901335000.csv
1714647927735000,,HRM3.DigiCam_OD1_1714647934391793_1714647927735000.csv,HRM4.DigiCam_OD1_1714647934393613_1714647927735000.csv,HRM5.DigiCam_OD0_1714647934362739_1714647927735000.csv,HRM6.DigiCam_OD0_1714647934365129_1714647927735000.csv
1714651657335000,,HRM3.DigiCam_OD1_1714651663992045_1714651657335000.csv,HRM4.DigiCam_OD1_1714651663993470_1714651657335000.csv,HRM5.DigiCam_OD0_1714651663963743_1714651657335000.csv,HRM6.DigiCam_OD0_1714651663965867_1714651657335000.csv
1714651736535000,,HRM3.DigiCam_OD1_1714651743191567_1714651736535000.csv,HRM4.DigiCam_OD1_1714651743192825_1714651736535000.csv,HRM5.DigiCam_OD0_1714651743163315_1714651736535000.csv,HRM6.DigiCam_OD0_1714651743165729_1714651736535000.csv
1714653241335000,,,HRM4.DigiCam_OD1_1714653247993848_1714653241335000.csv,HRM5.DigiCam_OD0_1714653247963242_1714653241335000.csv,HRM6.DigiCam_OD0_1714653247965013_1714653241335000.csv
1714653267735000,144,HRM3.DigiCam_OD1_1714653274391131_1714653267735000.csv,,,
1714653294135000,145,,,,HRM6.DigiCam_OD0_1714653301540947_1714653294135000.csv
1714654165335000,146,HRM3.DigiCam_OD1_1714654171991910_1714654165335000.csv,HRM4.DigiCam_OD1_1714654171993111_1714654165335000.csv,HRM5.DigiCam_OD0_1714654171963403_1714654165335000.csv,HRM6.DigiCam_OD0_1714654171965266_1714654165335000.csv
1714654930935000,,,,HRM5.DigiCam_OD0_1714654937562989_1714654930935000.csv,
1714654957335000,147,HRM3.DigiCam_OD1_1714654963991821_1714654957335000.csv,HRM4.DigiCam_OD1_1714654963992845_1714654957335000.csv,,HRM6.DigiCam_OD0_1714654963965338_1714654957335000.csv
1714655564535000,148,HRM3.DigiCam_OD1_1714655571191304_1714655564535000.csv,HRM4.DigiCam_OD0_1714655571192340_1714655564535000.csv,,HRM6.DigiCam_OD0_1714655571165213_1714655564535000.csv
1714656250935000,149,HRM3.DigiCam_OD1_1714656257591902_1714656250935000.csv,HRM4.DigiCam_OD0_1714656257593062_1714656250935000.csv,HRM5.DigiCam_OD0_1714656257563122_1714656250935000.csv,HRM6.DigiCam_OD0_1714656257565415_1714656250935000.csv
1714656488535000,,HRM3.DigiCam_OD1_1714656495192058_1714656488535000.csv,HRM4.DigiCam_OD0_1714656495192966_1714656488535000.csv,HRM5.DigiCam_OD0_1714656495163183_1714656488535000.csv,HRM6.DigiCam_OD0_1714656495165446_1714656488535000.csv
1714657491735000,,HRM3.DigiCam_OD1_1714657498392120_1714657491735000.csv,HRM4.DigiCam_OD0_1714657498393402_1714657491735000.csv,HRM5.DigiCam_OD0_1714657498362862_1714657491735000.csv,HRM6.DigiCam_OD0_1714657498365510_1714657491735000.csv
1714657676535000,,HRM3.DigiCam_OD1_1714657683191577_1714657676535000.csv,HRM4.DigiCam_OD0_1714657683192600_1714657676535000.csv,HRM5.DigiCam_OD0_1714657683163152_1714657676535000.csv,HRM6.DigiCam_OD0_1714657683165278_1714657676535000.csv
1714658098935000,,HRM3.DigiCam_OD1_1714658105592076_1714658098935000.csv,,,
1714658125335000,,,HRM4.DigiCam_OD0_1714658131992864_1714658125335000.csv,HRM5.DigiCam_OD0_1714658131963490_1714658125335000.csv,HRM6.DigiCam_OD0_1714658131965289_1714658125335000.csv
1714658389335000,,HRM3.DigiCam_OD1_1714658395992383_1714658389335000.csv,HRM4.DigiCam_OD0_1714658395993567_1714658389335000.csv,HRM5.DigiCam_OD0_1714658395963236_1714658389335000.csv,HRM6.DigiCam_OD0_1714658395965335_1714658389335000.csv
1714659102135000,,,,HRM5.DigiCam_OD0_1714659108763046_1714659102135000.csv,HRM6.DigiCam_OD0_1714659108765162_1714659102135000.csv
1714659128535000,150,HRM3.DigiCam_OD1_1714659135191300_1714659128535000.csv,HRM4.DigiCam_OD0_1714659135192276_1714659128535000.csv,,
1714660606935000,,,HRM4.DigiCam_OD0_1714660613592901_1714660606935000.csv,,
1714660633335000,151,HRM3.DigiCam_OD1_1714660639991593_1714660633335000.csv,,HRM5.DigiCam_OD0_1714660639963123_1714660633335000.csv,HRM6.DigiCam_OD0_1714660639965356_1714660633335000.csv
1714660659735000,,,,HRM5.DigiCam_OD0_1714660666363227_1714660659735000.csv,
1714660668135000,,,HRM4.DigiCam_OD0_1714660668825488_1714660668135000.csv,,
1714660686135000,152,HRM3.DigiCam_OD1_1714660692791202_1714660686135000.csv,,,HRM6.DigiCam_OD0_1714660692765230_1714660686135000.csv
1714660712535000,,,,HRM5.DigiCam_OD0_1714660719162900_1714660712535000.csv,
1714660738935000,153,HRM3.DigiCam_OD1_1714660745591063_1714660738935000.csv,HRM4.DigiCam_OD0_1714660745592876_1714660738935000.csv,,HRM6.DigiCam_OD0_1714660745565213_1714660738935000.csv
1714661055735000,,,,HRM5.DigiCam_OD0_1714661062362990_1714661055735000.csv,
1714661082135000,154,HRM3.DigiCam_OD1_1714661088791081_1714661082135000.csv,HRM4.DigiCam_OD0_1714661088801757_1714661082135000.csv,,HRM6.DigiCam_OD0_1714661088765691_1714661082135000.csv
1714661134935000,,HRM3.DigiCam_OD1_1714661141591708_1714661134935000.csv,HRM4.DigiCam_OD0_1714661141592858_1714661134935000.csv,HRM5.DigiCam_OD0_1714661141563123_1714661134935000.csv,HRM6.DigiCam_OD0_1714661141565194_1714661134935000.csv
1714661161335000,,,,HRM5.DigiCam_OD0_1714661167962984_1714661161335000.csv,
1714661187735000,155,HRM3.DigiCam_OD1_1714661194391608_1714661187735000.csv,HRM4.DigiCam_OD0_1714661194392387_1714661187735000.csv,,HRM6.DigiCam_OD0_1714661194364959_1714661187735000.csv
1714661636535000,,HRM3.DigiCam_OD1_1714661643191803_1714661636535000.csv,HRM4.DigiCam_OD0_1714661643192907_1714661636535000.csv,HRM5.DigiCam_OD0_1714661643163249_1714661636535000.csv,HRM6.DigiCam_OD0_1714661643165265_1714661636535000.csv
1714663801335000,,HRM3.DigiCam_OD1_1714663807992223_1714663801335000.csv,HRM4.DigiCam_OD0_1714663807993132_1714663801335000.csv,HRM5.DigiCam_OD0_1714663807963226_1714663801335000.csv,HRM6.DigiCam_OD0_1714663807965673_1714663801335000.csv
1714664012535000,,HRM3.DigiCam_OD1_1714664019191168_1714664012535000.csv,HRM4.DigiCam_OD0_1714664019192328_1714664012535000.csv,HRM5.DigiCam_OD0_1714664019163170_1714664012535000.csv,HRM6.DigiCam_OD0_1714664019165491_1714664012535000.csv
1714664276535000,,HRM3.DigiCam_OD1_1714664283191877_1714664276535000.csv,HRM4.DigiCam_OD0_1714664283193566_1714664276535000.csv,HRM5.DigiCam_OD0_1714664283163172_1714664276535000.csv,HRM6.DigiCam_OD0_1714664283165149_1714664276535000.csv
1714664302935000,,HRM3.DigiCam_OD1_1714664309592137_1714664302935000.csv,HRM4.DigiCam_OD0_1714664309593084_1714664302935000.csv,HRM5.DigiCam_OD0_1714664309563121_1714664302935000.csv,HRM6.DigiCam_OD0_1714664309565292_1714664302935000.csv
1714664329335000,,HRM3.DigiCam_OD1_1714664335992050_1714664329335000.csv,HRM4.DigiCam_OD0_1714664335993452_1714664329335000.csv,HRM5.DigiCam_OD0_1714664335963216_1714664329335000.csv,HRM6.DigiCam_OD0_1714664335965246_1714664329335000.csv
1714664355735000,,HRM3.DigiCam_OD1_1714664362391968_1714664355735000.csv,HRM4.DigiCam_OD0_1714664362392888_1714664355735000.csv,HRM5.DigiCam_OD0_1714664362363322_1714664355735000.csv,HRM6.DigiCam_OD0_1714664362365630_1714664355735000.csv
1714664382135000,,HRM3.DigiCam_OD1_1714664388792505_1714664382135000.csv,HRM4.DigiCam_OD1_1714664388798601_1714664382135000.csv,HRM5.DigiCam_OD0_1714664388763565_1714664382135000.csv,HRM6.DigiCam_OD0_1714664388765620_1714664382135000.csv
1714664408535000,,HRM3.DigiCam_OD1_1714664415191718_1714664408535000.csv,HRM4.DigiCam_OD1_1714664415192884_1714664408535000.csv,HRM5.DigiCam_OD0_1714664415163108_1714664408535000.csv,HRM6.DigiCam_OD0_1714664415165289_1714664408535000.csv
1714664434935000,,HRM3.DigiCam_OD1_1714664441591480_1714664434935000.csv,HRM4.DigiCam_OD1_1714664441592915_1714664434935000.csv,HRM5.DigiCam_OD0_1714664441563114_1714664434935000.csv,HRM6.DigiCam_OD0_1714664441565371_1714664434935000.csv
1714664461335000,,HRM3.DigiCam_OD1_1714664467991953_1714664461335000.csv,HRM4.DigiCam_OD1_1714664467993152_1714664461335000.csv,HRM5.DigiCam_OD0_1714664467963025_1714664461335000.csv,HRM6.DigiCam_OD0_1714664467965145_1714664461335000.csv
1714664487735000,,HRM3.DigiCam_OD1_1714664494391899_1714664487735000.csv,HRM4.DigiCam_OD1_1714664494393314_1714664487735000.csv,HRM5.DigiCam_OD0_1714664494363700_1714664487735000.csv,HRM6.DigiCam_OD0_1714664494365608_1714664487735000.csv
1714664514135000,,HRM3.DigiCam_OD1_1714664520792649_1714664514135000.csv,HRM4.DigiCam_OD1_1714664520793292_1714664514135000.csv,HRM5.DigiCam_OD0_1714664520763322_1714664514135000.csv,HRM6.DigiCam_OD0_1714664520765508_1714664514135000.csv
1714664566935000,,HRM3.DigiCam_OD1_1714664573592035_1714664566935000.csv,HRM4.DigiCam_OD1_1714664573593416_1714664566935000.csv,HRM5.DigiCam_OD0_1714664573563788_1714664566935000.csv,HRM6.DigiCam_OD0_1714664573565232_1714664566935000.csv
1714664593335000,,HRM3.DigiCam_OD1_1714664599991785_1714664593335000.csv,HRM4.DigiCam_OD1_1714664599992992_1714664593335000.csv,HRM5.DigiCam_OD0_1714664599962893_1714664593335000.csv,HRM6.DigiCam_OD0_1714664599965356_1714664593335000.csv
1714664646135000,,HRM3.DigiCam_OD1_1714664652791545_1714664646135000.csv,HRM4.DigiCam_OD1_1714664652792711_1714664646135000.csv,HRM5.DigiCam_OD0_1714664652763530_1714664646135000.csv,HRM6.DigiCam_OD0_1714664652765567_1714664646135000.csv
1714664698935000,,HRM3.DigiCam_OD1_1714664705592131_1714664698935000.csv,HRM4.DigiCam_OD1_1714664705593155_1714664698935000.csv,HRM5.DigiCam_OD0_1714664705563099_1714664698935000.csv,HRM6.DigiCam_OD0_1714664705565213_1714664698935000.csv
1714664725335000,,HRM3.DigiCam_OD1_1714664731991764_1714664725335000.csv,HRM4.DigiCam_OD1_1714664731992654_1714664725335000.csv,HRM5.DigiCam_OD0_1714664731963187_1714664725335000.csv,HRM6.DigiCam_OD0_1714664731965543_1714664725335000.csv
1714664778135000,,HRM3.DigiCam_OD1_1714664784791888_1714664778135000.csv,HRM4.DigiCam_OD1_1714664784792791_1714664778135000.csv,HRM5.DigiCam_OD0_1714664784762970_1714664778135000.csv,HRM6.DigiCam_OD0_1714664784764989_1714664778135000.csv
1714664804535000,,HRM3.DigiCam_OD1_1714664811191911_1714664804535000.csv,HRM4.DigiCam_OD1_1714664811192631_1714664804535000.csv,HRM5.DigiCam_OD0_1714664811163444_1714664804535000.csv,HRM6.DigiCam_OD0_1714664811165038_1714664804535000.csv
1714664830935000,,HRM3.DigiCam_OD1_1714664837592114_1714664830935000.csv,HRM4.DigiCam_OD1_1714664837592976_1714664830935000.csv,HRM5.DigiCam_OD0_1714664837563221_1714664830935000.csv,HRM6.DigiCam_OD0_1714664837564881_1714664830935000.csv
1714664883735000,,HRM3.DigiCam_OD1_1714664890391703_1714664883735000.csv,HRM4.DigiCam_OD1_1714664890392853_1714664883735000.csv,HRM5.DigiCam_OD0_1714664890363028_1714664883735000.csv,HRM6.DigiCam_OD0_1714664890364981_1714664883735000.csv
1714664910135000,,HRM3.DigiCam_OD1_1714664916791737_1714664910135000.csv,HRM4.DigiCam_OD1_1714664916793148_1714664910135000.csv,HRM5.DigiCam_OD0_1714664916763085_1714664910135000.csv,HRM6.DigiCam_OD0_1714664916765654_1714664910135000.csv
1714664936535000,,HRM3.DigiCam_OD1_1714664943191812_1714664936535000.csv,HRM4.DigiCam_OD1_1714664943193126_1714664936535000.csv,HRM5.DigiCam_OD0_1714664943163491_1714664936535000.csv,HRM6.DigiCam_OD0_1714664943165151_1714664936535000.csv
1714665147735000,,HRM3.DigiCam_OD1_1714665154392077_1714665147735000.csv,HRM4.DigiCam_OD1_1714665154393218_1714665147735000.csv,HRM5.DigiCam_OD0_1714665154363114_1714665147735000.csv,HRM6.DigiCam_OD0_1714665154365184_1714665147735000.csv
1714665174135000,,HRM3.DigiCam_OD1_1714665180791746_1714665174135000.csv,HRM4.DigiCam_OD1_1714665180792926_1714665174135000.csv,HRM5.DigiCam_OD0_1714665180763316_1714665174135000.csv,HRM6.DigiCam_OD0_1714665180765044_1714665174135000.csv
1714665596535000,156,HRM3.DigiCam_OD1_1714665603191832_1714665596535000.csv,HRM4.DigiCam_OD1_1714665603193220_1714665596535000.csv,HRM5.DigiCam_OD0_1714665603163443_1714665596535000.csv,HRM6.DigiCam_OD0_1714665603165635_1714665596535000.csv
1714665807735000,157,HRM3.DigiCam_OD1_1714665814392134_1714665807735000.csv,HRM4.DigiCam_OD1_1714665814393282_1714665807735000.csv,HRM5.DigiCam_OD0_1714665814363230_1714665807735000.csv,HRM6.DigiCam_OD0_1714665814365150_1714665807735000.csv
1714665992535000,,HRM3.DigiCam_OD1_1714665999191668_1714665992535000.csv,,HRM5.DigiCam_OD0_1714665999163068_1714665992535000.csv,
1714666018935000,158,,HRM4.DigiCam_OD1_1714666025592323_1714666018935000.csv,,HRM6.DigiCam_OD0_1714666025564876_1714666018935000.csv
1714666071735000,,HRM3.DigiCam_OD1_1714666078392312_1714666071735000.csv,,HRM5.DigiCam_OD0_1714666078362778_1714666071735000.csv,
1714666098135000,159,,HRM4.DigiCam_OD1_1714666104792337_1714666098135000.csv,,HRM6.DigiCam_OD0_1714666104764692_1714666098135000.csv
1714666150935000,,,,HRM5.DigiCam_OD0_1714666157563057_1714666150935000.csv,
1714666177335000,160,HRM3.DigiCam_OD1_1714666183991327_1714666177335000.csv,HRM4.DigiCam_OD1_1714666183992612_1714666177335000.csv,,HRM6.DigiCam_OD0_1714666183965064_1714666177335000.csv
1714666256535000,,,,HRM5.DigiCam_OD0_1714666263163166_1714666256535000.csv,
1714666282935000,161,,,,HRM6.DigiCam_OD0_1714666289565625_1714666282935000.csv
1714666317735000,,,,HRM5.DigiCam_OD0_1714666318337793_1714666317735000.csv,
1714666335735000,,,,,HRM6.DigiCam_OD0_1714666342365313_1714666335735000.csv
1714666362135000,,,,HRM5.DigiCam_OD0_1714666369541624_1714666362135000.csv,
1714666388535000,,,,,HRM6.DigiCam_OD0_1714666395165210_1714666388535000.csv
1714666520535000,,HRM3.DigiCam_OD1_1714666527191567_1714666520535000.csv,,HRM5.DigiCam_OD0_1714666527162824_1714666520535000.csv,
1714666546935000,163,,HRM4.DigiCam_OD1_1714666553592239_1714666546935000.csv,,HRM6.DigiCam_OD0_1714666553565361_1714666546935000.csv
1714666599735000,164,HRM3.DigiCam_OD1_1714666606392066_1714666599735000.csv,HRM4.DigiCam_OD1_1714666606392403_1714666599735000.csv,HRM5.DigiCam_OD0_1714666606363542_1714666599735000.csv,HRM6.DigiCam_OD0_1714666606365644_1714666599735000.csv
1714666678935000,165,HRM3.DigiCam_OD1_1714666685591904_1714666678935000.csv,HRM4.DigiCam_OD1_1714666685593329_1714666678935000.csv,HRM5.DigiCam_OD0_1714666685563578_1714666678935000.csv,HRM6.DigiCam_OD0_1714666685565200_1714666678935000.csv
1714666784535000,166,HRM3.DigiCam_OD1_1714666791191887_1714666784535000.csv,HRM4.DigiCam_OD1_1714666791193055_1714666784535000.csv,HRM5.DigiCam_OD0_1714666791163399_1714666784535000.csv,HRM6.DigiCam_OD0_1714666791165222_1714666784535000.csv
1714666837335000,,,HRM4.DigiCam_OD1_1714666843993009_1714666837335000.csv,HRM5.DigiCam_OD0_1714666843963097_1714666837335000.csv,
1714666863735000,167,HRM3.DigiCam_OD1_1714666870391192_1714666863735000.csv,,,HRM6.DigiCam_OD0_1714666870365319_1714666863735000.csv
1714666916535000,,,,HRM5.DigiCam_OD0_1714666923163434_1714666916535000.csv,
1714666942935000,168,,,,HRM6.DigiCam_OD0_1714666949565178_1714666942935000.csv
1714667497335000,,,,HRM5.DigiCam_OD0_1714667503963112_1714667497335000.csv,HRM6.DigiCam_OD0_1714667503965161_1714667497335000.csv
1714667602935000,,,,HRM5.DigiCam_OD0_1714667609563184_1714667602935000.csv,HRM6.DigiCam_OD0_1714667609564875_1714667602935000.csv
1714667893335000,,,,HRM5.DigiCam_OD0_1714667899963275_1714667893335000.csv,HRM6.DigiCam_OD0_1714667899965497_1714667893335000.csv
1714668051735000,,HRM3.DigiCam_OD1_1714668058391616_1714668051735000.csv,HRM4.DigiCam_OD1_1714668058392287_1714668051735000.csv,HRM5.DigiCam_OD0_1714668058363474_1714668051735000.csv,HRM6.DigiCam_OD0_1714668058365627_1714668051735000.csv
1714668130935000,,,HRM4.DigiCam_OD0_1714668137592628_1714668130935000.csv,,
1714668157335000,,HRM3.DigiCam_OD0_1714668163991892_1714668157335000.csv,,HRM5.DigiCam_OD0_1714668163962955_1714668157335000.csv,HRM6.DigiCam_OD0_1714668163965130_1714668157335000.csv
1714668843735000,,HRM3.DigiCam_OD0_1714668850392163_1714668843735000.csv,HRM4.DigiCam_OD0_1714668850392287_1714668843735000.csv,HRM5.DigiCam_OD0_1714668850363132_1714668843735000.csv,HRM6.DigiCam_OD0_1714668850365253_1714668843735000.csv
1714669081335000,,HRM3.DigiCam_OD0_1714669087992042_1714669081335000.csv,HRM4.DigiCam_OD0_1714669087992848_1714669081335000.csv,HRM5.DigiCam_OD0_1714669087962939_1714669081335000.csv,HRM6.DigiCam_OD0_1714669087965142_1714669081335000.csv
1714669160535000,,HRM3.DigiCam_OD0_1714669167191602_1714669160535000.csv,HRM4.DigiCam_OD0_1714669167193659_1714669160535000.csv,HRM5.DigiCam_OD0_1714669167163363_1714669160535000.csv,HRM6.DigiCam_OD0_1714669167165391_1714669160535000.csv
1714669266135000,,HRM3.DigiCam_OD0_1714669272791478_1714669266135000.csv,,HRM5.DigiCam_OD0_1714669272762973_1714669266135000.csv,HRM6.DigiCam_OD0_1714669272765032_1714669266135000.csv
1714669794135000,176,HRM3.DigiCam_OD0_1714669800791677_1714669794135000.csv,HRM4.DigiCam_OD0_1714669800792561_1714669794135000.csv,HRM5.DigiCam_OD0_1714669800763518_1714669794135000.csv,HRM6.DigiCam_OD0_1714669800765595_1714669794135000.csv
1714669952535000,,HRM3.DigiCam_OD0_1714669959191870_1714669952535000.csv,HRM4.DigiCam_OD0_1714669959193037_1714669952535000.csv,HRM5.DigiCam_OD0_1714669959163153_1714669952535000.csv,HRM6.DigiCam_OD0_1714669959165544_1714669952535000.csv
1714670586135000,177,HRM3.DigiCam_OD0_1714670592792052_1714670586135000.csv,HRM4.DigiCam_OD0_1714670592792911_1714670586135000.csv,HRM5.DigiCam_OD0_1714670592763253_1714670586135000.csv,HRM6.DigiCam_OD0_1714670592765190_1714670586135000.csv
1714670744535000,178,HRM3.DigiCam_OD0_1714670751191569_1714670744535000.csv,HRM4.DigiCam_OD0_1714670751192748_1714670744535000.csv,HRM5.DigiCam_OD0_1714670751163081_1714670744535000.csv,HRM6.DigiCam_OD0_1714670751165358_1714670744535000.csv
1714670850135000,,,HRM4.DigiCam_OD0_1714670856793563_1714670850135000.csv,,
1714670876535000,179,HRM3.DigiCam_OD0_1714670883191813_1714670876535000.csv,,HRM5.DigiCam_OD0_1714670883163065_1714670876535000.csv,HRM6.DigiCam_OD0_1714670883165093_1714670876535000.csv
1714671272535000,,,,HRM5.DigiCam_OD0_1714671279162878_1714671272535000.csv,
1714671298935000,180,HRM3.DigiCam_OD1_1714671305591358_1714671298935000.csv,HRM4.DigiCam_OD1_1714671305592645_1714671298935000.csv,,HRM6.DigiCam_OD0_1714671305565448_1714671298935000.csv
1714671351735000,181,HRM3.DigiCam_OD1_1714671358391842_1714671351735000.csv,HRM4.DigiCam_OD1_1714671358393413_1714671351735000.csv,HRM5.DigiCam_OD0_1714671358362521_1714671351735000.csv,HRM6.DigiCam_OD0_1714671358364348_1714671351735000.csv
1714671457335000,,,HRM4.DigiCam_OD1_1714671463993348_1714671457335000.csv,HRM5.DigiCam_OD0_1714671463963248_1714671457335000.csv,
1714671483735000,182,HRM3.DigiCam_OD1_1714671490391148_1714671483735000.csv,,,HRM6.DigiCam_OD0_1714671490365395_1714671483735000.csv
1714671536535000,,,HRM4.DigiCam_OD1_1714671543194465_1714671536535000.csv,HRM5.DigiCam_OD0_1714671543163109_1714671536535000.csv,
1714671562935000,183,HRM3.DigiCam_OD1_1714671569591402_1714671562935000.csv,,,HRM6.DigiCam_OD0_1714671569565600_1714671562935000.csv
1714671694935000,184,HRM3.DigiCam_OD1_1714671701591538_1714671694935000.csv,HRM4.DigiCam_OD1_1714671701593236_1714671694935000.csv,HRM5.DigiCam_OD0_1714671701563627_1714671694935000.csv,HRM6.DigiCam_OD0_1714671701565048_1714671694935000.csv
1714671774135000,185,HRM3.DigiCam_OD1_1714671780791876_1714671774135000.csv,HRM4.DigiCam_OD1_1714671780793059_1714671774135000.csv,HRM5.DigiCam_OD0_1714671780763488_1714671774135000.csv,HRM6.DigiCam_OD0_1714671780765189_1714671774135000.csv
1714671826935000,,,,HRM5.DigiCam_OD0_1714671833562717_1714671826935000.csv,
1714671853335000,186,HRM3.DigiCam_OD1_1714671859991250_1714671853335000.csv,HRM4.DigiCam_OD1_1714671859992149_1714671853335000.csv,,HRM6.DigiCam_OD0_1714671859965087_1714671853335000.csv
1714671888135000,,,,HRM5.DigiCam_OD0_1714671888337269_1714671888135000.csv,
1714671906135000,187,HRM3.DigiCam_OD1_1714671912791445_1714671906135000.csv,HRM4.DigiCam_OD1_1714671912792712_1714671906135000.csv,,HRM6.DigiCam_OD0_1714671912765144_1714671906135000.csv
1714671932535000,,,HRM4.DigiCam_OD1_1714671939193232_1714671932535000.csv,,
1714671958935000,188,HRM3.DigiCam_OD1_1714671965591503_1714671958935000.csv,,HRM5.DigiCam_OD0_1714671965563179_1714671958935000.csv,HRM6.DigiCam_OD0_1714671965565156_1714671958935000.csv
1714671985335000,,,,HRM5.DigiCam_OD0_1714671991961764_1714671985335000.csv,
1714672011735000,189,HRM3.DigiCam_OD1_1714672018391128_1714672011735000.csv,HRM4.DigiCam_OD1_1714672018392706_1714672011735000.csv,,HRM6.DigiCam_OD0_1714672018365168_1714672011735000.csv
1714672222935000,,,,HRM5.DigiCam_OD0_1714672229562952_1714672222935000.csv,
1714672249335000,,HRM3.DigiCam_OD1_1714672255991618_1714672249335000.csv,HRM4.DigiCam_OD1_1714672255992513_1714672249335000.csv,,HRM6.DigiCam_OD0_1714672255965150_1714672249335000.csv
1714672513335000,,HRM3.DigiCam_OD1_1714672519991562_1714672513335000.csv,HRM4.DigiCam_OD1_1714672519992881_1714672513335000.csv,HRM5.DigiCam_OD0_1714672519963071_1714672513335000.csv,HRM6.DigiCam_OD0_1714672519965227_1714672513335000.csv
1714672618935000,190,HRM3.DigiCam_OD1_1714672625591676_1714672618935000.csv,HRM4.DigiCam_OD1_1714672625592999_1714672618935000.csv,HRM5.DigiCam_OD0_1714672625563382_1714672618935000.csv,HRM6.DigiCam_OD0_1714672625565801_1714672618935000.csv
1714672750935000,,,,HRM5.DigiCam_OD0_1714672757562717_1714672750935000.csv,
1714672777335000,191,HRM3.DigiCam_OD1_1714672783991371_1714672777335000.csv,HRM4.DigiCam_OD1_1714672783992372_1714672777335000.csv,,HRM6.DigiCam_OD0_1714672783965051_1714672777335000.csv
1714672803735000,192,HRM3.DigiCam_OD1_1714672810391311_1714672803735000.csv,HRM4.DigiCam_OD1_1714672810392398_1714672803735000.csv,,HRM6.DigiCam_OD0_1714672810365090_1714672803735000.csv
1714672988535000,193,,,,
